レアリティ,キャラクター名,カード名,タイプ,所持スキル
SSR,アイネスフウジン,飛び出せ、キラメケ,根性,"食い下がり,スピードイーター,勢い任せ,スリップストリーム,遊びはおしまいっ！,急ぎ足,じゃじゃウマ娘,2021.02.24"
SSR,ウイニングチケット,B・N・Winner！！,根性,"良バ場○,曇りの日○,位置取り押し上げ,差し切り体勢,外差し準備,差しコーナー○,乗り換え上手,2021.02.24"
SSR,ウオッカ,ロード・オブ・ウオッカ,パワー,"東京レース場○,直線巧者,直線加速,直線回復,末脚,差し切り体勢,上昇気流,マイル直線○,中距離直線○,垂れウマ回避,好転一息,2021.02.24"
SSR,エアシャカール,7センチの先へ,賢さ,"追い上げ,冷静,策士,ペースキープ,まなざし,直線一気,勝利への執念,2021.02.24"
SSR,エルコンドルパサー,パッションチャンピオーナ！,パワー,"根幹距離○,晴れの日○,抜け出し準備,テンポアップ,中距離直線○,ホークアイ,先行直線○,スタミナキープ,キラーチューン,2021.02.24"
SSR,グラスワンダー,千紫万紅にまぎれぬ一凛,根性,"中山レース場○,対抗意識○,末脚,位置取り押し上げ,差し切り体勢,上昇気流,先行焦り,束縛,先行駆け引き,徹底マーク○,豪脚,2021.02.24"
SSR,ゴールドシチー,RUN（my）way,スピード,"［RUNway］ゴールドシチー,札幌レース場○,展開窺い,アクセラレーション,小休憩,慧眼,2021.02.24"
SSR,ゴールドシップ,不沈艦の進撃,スタミナ,"後方待機,直線一気,内弁慶,追い上げ,目くらまし,お見通し,下校の楽しみ,策士,まなざし,追込のコツ○,登山家,ウマ好み,地固め,シンパシー,阪神レース場○,曲線のソムリエ,2021.02.24"
SSR,サイレンススズカ,輝く景色の、その先に,スピード,"集中力,先駆け,急ぎ足,押し切り準備,前途洋々,逃げ直線○,逃げコーナー○,逃げのコツ○,先頭プライド,左回り○,リスタート,逃亡者,2021.02.24"
SSR,サクラバクシンオー,はやい！うまい！はやい！,スピード,"スプリントギア,逃げ駆け引き,逃げ焦り,短距離直線○,短距離コーナー○,大きなリード,善後策,後方釘付,詰め寄り,スプリントターボ,2021.02.24"
SSR,スーパークリーク,一粒の安らぎ,スタミナ,"良バ場○,コーナー回復○,ペースアップ,末脚,先行ためらい,深呼吸,円弧のマエストロ,2021.02.24"
SSR,スペシャルウィーク,日本一のステージを,根性,"道悪○,雨の日○,末脚,外差し準備,食い下がり,栄養補給,差しのコツ○,別腹タンク,全身全霊,2021.02.24"
SSR,スマートファルコン,これが私のウマドル道☆,パワー,"道悪○,曇りの日○,外枠得意○,コーナー回復○,大井レース場○,二の矢,リスタート,逃げのコツ○,押し切り準備,地固め,集中力,レコメンド,ポジションセンス,注目の踊り子,2021.02.24"
SSR,セイウンスカイ,待望の大謀,スタミナ,"内枠得意○,伏兵○,トリック,差し駆け引き,先行ためらい,尻尾上がり,リードキープ,二の矢,急ぎ足,脱出術,2021.02.24"
SSR,タマモクロス,天をも切り裂くイナズマ娘！,スタミナ,"前途洋々,差し駆け引き,差し焦り,中距離コーナー○,イナズマステップ,軽やかステップ,十万バリキ,ウマ込み冷静,迅速果断,2021.02.24"
SSR,トウカイテイオー,夢は掲げるものなのだっ！,スピード,"ポジションセンス,垂れウマ回避,臨機応変,イナズマステップ,軽やかステップ,巧みなステップ,先行直線○,一陣の風,2021.02.24"
SSR,ニシノフラワー,まだ小さな蕾でも,スピード,"阪神レース場○,根幹距離○,良バ場○,上昇気流,先行コーナー○,直線巧者,ハヤテ一文字,2021.02.24"
SSR,ビコーペガサス,必殺！Wキャロットパンチ！,スピード,"外枠得意○,様子見,詰め寄り,積極策,上昇気流,仕掛け準備,抜け駆け禁止,短距離直線○,プランX,2021.02.24"
SSR,ファインモーション,感謝は指先まで込めて,賢さ,"右回り○,秋ウマ娘○,外枠得意○,直線加速,垂れウマ回避,コーナー巧者○,抜け出し準備,スピードスター,2021.02.24"
SSR,駿川たづな,ようこそ、トレセン学園へ！,友人,"なし,展開窺い,尻尾上がり,集中力,コンセントレーション,2021.02.24"
SSR,ハルウララ,うらら〜な休日,根性,"なし,伏兵○,どこ吹く風,2021.02.24"
SSR,メジロマックイーン,『エース』として,スタミナ,"京都レース場○,道悪○,雨の日○,コーナー巧者○,直線巧者,スタミナキープ,抜け出し準備,深呼吸,内弁慶,別腹タンク,先駆け,クールダウン,2021.02.24"
SSR,ライスシャワー,『幸せ』が舞う時,スタミナ,"京都レース場○,おひとり様○,深呼吸,先行駆け引き,先行けん制,先行焦り,直滑降,かく乱,登山家,良バ場○,別腹タンク,火事場のバ鹿力,2021.02.24"
SSR,オグリキャップ,『愛してもらうんだぞ』,パワー,"曇りの日○,コーナー巧者○,コーナー加速○,集中力,垂れウマ回避,末脚,テンポアップ,アクセラレーション,栄養補給,地固め,中山レース場○,スタミナキープ,外差し準備,豪脚,2021.03.02"
SSR,スペシャルウィーク,夕焼けはあこがれの色,スピード,"道悪○,雨の日○,末脚,外差し準備,食い下がり,栄養補給,差しのコツ○,別腹タンク,ふり絞り,食いしん坊,2021.03.02"
SSR,ツインターボ,ターボエンジン全開宣言！,スピード,"対抗意識○,徹底マーク○,先駆け,急ぎ足,先頭プライド,勢い任せ,展開窺い,先手必勝,2021.03.09"
SSR,メジロパーマー,バカと笑え,根性,"中山レース場○,阪神レース場○,先駆け,急ぎ足,先行焦り,勢い任せ,シンパシー,道悪○,逃げのコツ○,一匹狼,リードキープ,先陣の心得,2021.03.18"
SSR,キタサンブラック,迫る熱に押されて,スピード,"コーナー巧者○,コーナー回復○,直線回復,集中力,別腹タンク,長距離コーナー○,逃げ直線○,危険回避,直線巧者,弧線のプロフェッサー,2021.03.30"
SSR,サトノダイヤモンド,その背中を越えて,スタミナ,"良バ場○,晴れの日○,逃げ焦り,中距離コーナー○,束縛,小休憩,読解力,逃げためらい,鋼の意志,2021.03.30"
SSR,マチカネタンホイザ,Just keep going,根性,"［Just,keep,going.］マチカネタンホイザ,隠れ蓑,ペースキープ,食い下がり,深呼吸,がんばり屋,逃げけん制,ウマ込み冷静,どこ吹く風,2021.03.30"
SSR,ユキノビジン,ふるさと直送エール！,賢さ,"中山レース場○,冬ウマ娘○,食い下がり,中距離コーナー○,コーナー加速○,ノンストップガール,2021.04.15"
SSR,ヤエノムテキ,押して忍べど燃ゆるもの,パワー,"ペースアップ,末脚,抜け出し準備,テンポアップ,尻尾上がり,中距離コーナー○,遊びはおしまいっ！,アガッてきた！,2021.04.26"
SSR,ウイニングチケット,夢はホントに叶うんだ！,パワー,"良バ場○,曇りの日○,位置取り押し上げ,差し切り体勢,外差し準備,差しコーナー○,全身全霊,2021.04.26"
SSR,サクラチヨノオー,今ぞ盛りのさくら花,スタミナ,"食い下がり,ギアシフト,中距離コーナー○,先行のコツ○,春ウマ娘○,抜け出し準備,スピードスター,2021.05.17"
SSR,トウカイテイオー,ふたつのノーブルライト,パワー,"ポジションセンス,垂れウマ回避,臨機応変,イナズマステップ,軽やかステップ,巧みなステップ,先行直線○,火事場のバ鹿力,2021.05.26"
SSR,カワカミプリンセス,花嫁たるもの！！,スピード,"根幹距離○,好位追走,軽やかステップ,まき直し,食い下がり,束縛,注目の踊り子,2021.05.28"
SSR,ヒシアケボノ,召しませふぁーすとBite！,根性,"晴れの日○,押し切り準備,短距離コーナー○,善後策,仕掛け準備,栄養補給,スプリントギア,危険回避,シックスセンス,2021.05.28"
SSR,メジロドーベル,おもい、ねがう,賢さ,"京都レース場○,晴れの日○,テンポアップ,食い下がり,差しのコツ○,負けん気,大局観,2021.05.28"
SSR,バンブーメモリー,Head-on fight!,パワー,"［Head-on,fight!］バンブーメモリー,徹底マーク○,直線巧者,詰め寄り,マイル直線○,アクセラレーション,差し直線○,根幹距離○,対抗意識○,末脚,空回り,差しためらい,外差し準備,昇り龍,2021.06.21"
SSR,ミホノブルボン,祝福はフーガ,スタミナ,"雪の日○,先駆け,逃げ直線○,逃げコーナー○,集中力,押し切り準備,逃亡者,2021.06.23"
SSR,セイウンスカイ,明日は全国的に赤でしょう♪,賢さ,"内枠得意○,伏兵○,トリック,差し駆け引き,先行ためらい,尻尾上がり,リードキープ,先行駆け引き,先陣の心得,2021.06.29"
SSR,キングヘイロー,今宵、円舞曲にのせて,パワー,"良バ場○,曇りの日○,外枠得意○,コーナー回復○,様子見,詰め寄り,末脚,電撃の煌めき,2021.06.29"
SSR,ゴールドシップ,ウマ王伝説・最強になった件,スピード,"後方待機,直線一気,内弁慶,追い上げ,目くらまし,お見通し,下校の楽しみ,策士,まなざし,追込のコツ○,登山家,ウマ好み,地固め,シンパシー,阪神レース場○,長距離直線○,内的体験,おひとり様○,2021.06.29"
SSR,メジロライアン,爽快！ウイニングショット！,根性,"道悪○,雨の日○,テンポアップ,中距離直線○,ペースキープ,先行のコツ○,勝利への執念,2021.07.12"
SSR,ナリタブライアン,Two Pieces,スピード,"［Two,Pieces］ナリタブライアン,右回り○,栄養補給,好位追走,中距離直線○,中距離コーナー○,内弁慶,長距離直線○,外差し準備,一匹狼,くじけぬ精神,2021.07.20"
SSR,ツインターボ,集まってコンステレーション,根性,"対抗意識○,徹底マーク○,先駆け,急ぎ足,先頭プライド,勢い任せ,テンポアップ,キラーチューン,2021.07.21"
SSR,スイープトウショウ,ツメたいヒトリジメ？,スピード,"ポジションセンス,トリック,ささやき,お見通し,下校の楽しみ,スリップストリーム,直線一気,天命士,2021.07.29"
SSR,ウイニングチケット,全力！タントラムッッ！,スタミナ,"良バ場○,曇りの日○,位置取り押し上げ,差し切り体勢,外差し準備,差しコーナー○,十万バリキ,おひとり様○,努力家,2021.07.29"
SSR,ダイワスカーレット,トライフル☆バケーション,パワー,"対抗意識○,好位追走,抜け出し準備,前途洋々,テンポアップ,ギアシフト,スタミナキープ,レースプランナー,2021.07.29"
SSR,ビワハヤヒデ,響き合うストレイン,賢さ,"阪神レース場○,道悪○,曇りの日○,外枠得意○,追込駆け引き,内弁慶,コーナー回復○,クールダウン,2021.08.18"
SSR,ナイスネイチャ,願いまでは拭わない,賢さ,"小倉レース場○,コーナー加速○,隠れ蓑,臨機応変,差しためらい,ささやき,小休憩,鋭い眼光,ペースアップ,乗り換え上手,2021.08.20"
SSR,サイレンススズカ,WINNING DREAM,スタミナ,"［WINNING,DREAM］サイレンススズカ,集中力,先駆け,急ぎ足,押し切り準備,前途洋々,逃げ直線○,逃げコーナー○,逃げのコツ○,先頭プライド,左回り○,栄養補給,軽やかステップ,コンセントレーション,2021.08.24"
SSR,ライスシャワー,幸せは曲がり角の向こう,パワー,"京都レース場○,おひとり様○,深呼吸,先行駆け引き,先行けん制,先行焦り,直滑降,かく乱,登山家,良バ場○,パス上手,円弧のマエストロ,2021.08.30"
SSR,樫本理子,徹底管理主義,友人,"なし,ペースアップ,おひとり様○,一匹狼,シンパシー,一陣の風,2021.08.30"
SSR,イクノディクタス,心と足元は温かく,根性,"隠れ蓑,ウマ込み冷静,ホークアイ,読解力,鋭い眼光,トリック,臨機応変,大局観,2021.09.20"
SSR,タマモクロス,やったれハロウィンナイト！,パワー,"前途洋々,差し駆け引き,差し焦り,中距離コーナー○,イナズマステップ,軽やかステップ,十万バリキ,ウマ込み冷静,道悪○,百万バリキ,2021.09.29"
SSR,ゼンノロブロイ,魔力授かりし英雄,スピード,"直線巧者,ポジションセンス,垂れウマ回避,臨機応変,巧みなステップ,読解力,先行のコツ○,差しのコツ○,中距離直線○,右回り○,左回り○,潜伏態勢,2021.09.29"
SSR,ミホノブルボン,幽霊さんとハロウィンの魔法,賢さ,"雪の日○,先駆け,逃げ直線○,逃げコーナー○,集中力,勢い任せ,先手必勝,2021.09.29"
SSR,ナカヤマフェスタ,43、8、1,スタミナ,"道悪○,伏兵○,差し切り体勢,外差し準備,食い下がり,差し直線○,鋭い眼光,ラッキーセブン,ありったけ,中山レース場○,阪神レース場○,ウマ好み,決死の覚悟,2021.10.20"
SSR,カレンチャン,かなし君、うつくし君,賢さ,"スプリントギア,差しためらい,短距離直線○,仕掛け準備,かく乱,後方釘付,抜け駆け禁止,遊びはおしまいっ！,準備万全！,2021.10.28"
SSR,ナリタブライアン,天嗤う鏑矢,スタミナ,"右回り○,栄養補給,好位追走,中距離直線○,中距離コーナー○,内弁慶,長距離直線○,外差し準備,一匹狼,テンポアップ,ハヤテ一文字,2021.10.28"
SSR,ユキノビジン,宵照らす奉納舞,根性,"中山レース場○,冬ウマ娘○,食い下がり,中距離コーナー○,コーナー加速○,雪の日○,遊びはおしまいっ！,曲線のソムリエ,2021.10.28"
SSR,ダイタクヘリオス,おどれ・さわげ・フェスれ！,パワー,"ペースアップ,スタミナキープ,マイルコーナー○,ギアシフト,スピードイーター,シンパシー,スリップストリーム,伏兵○,先駆け,先行コーナー○,脱出術,2021.11.19"
SSR,マヤノトップガン,フォーメーション：PARTY,スピード,"非根幹距離○,コーナー巧者○,直線巧者,直線回復,垂れウマ回避,臨機応変,真っ向勝負,対抗意識○,じゃじゃウマ娘,2021.11.29"
SSR,ナリタタイシン,いじっぱりのマルクト,賢さ,"隠れ蓑,ウマ込み冷静,後方待機,仕掛け抜群,追込コーナー○,まなざし,一匹狼,追い上げ,軽やかステップ,パス上手,眠れる獅子,2021.11.29"
SSR,マーベラスサンデー,スノウクリスタル・デイ,パワー,"直線巧者,ペースアップ,逃げためらい,先行ためらい,尻尾上がり,阪神レース場○,曇りの日○,位置取り押し上げ,迅速果断,2021.11.29"
SSR,マンハッタンカフェ,独奏・螺旋追走曲,スタミナ,"道悪○,雨の日○,長距離直線○,パス上手,スタミナイーター,登山家,非根幹距離○,長距離コーナー○,スタミナグリード,2021.12.14"
SSR,サイレンススズカ,まだ見ぬ景色を求めて,スピード,"集中力,先駆け,急ぎ足,押し切り準備,前途洋々,逃げ直線○,逃げコーナー○,逃げのコツ○,先頭プライド,左回り○,切り開く者,2021.12.22"
SSR,アドマイヤベガ,夜に暁、空に瑞星,パワー,"仕掛け抜群,束縛,追込直線○,冷静,策士,先行けん制,先行焦り,強攻策,2021.12.31"
SSR,マチカネフクキタル,袖振り合えば福となる♪,スピード,"函館レース場○,ウマ込み冷静,トリック,差しコーナー○,小休憩,ラッキーセブン,スリーセブン,スーパーラッキーセブン,2021.12.31"
SSR,メイショウドトウ,飛びも出でぬべき心地すれ,スタミナ,"非根幹距離○,良バ場○,内枠得意○,伏兵○,ホークアイ,差し直線○,ふり絞り,先行コーナー○,中距離コーナー○,キラーチューン,2021.12.31"
SSR,安心沢刺々美,ブスッといっとく？,友人,"なし,引っ込み思案,コーナー回復×,空回り,あやしげな作戦,博打うち,ウマ好み,2022.01.11"
SSR,ニシノフラワー,小さなカップに想いをこめて,賢さ,"阪神レース場○,根幹距離○,良バ場○,上昇気流,先行コーナー○,ギアシフト,決意の直滑降,2022.01.28"
SSR,サクラバクシンオー,爆速！最速！花あらし！,根性,"スプリントギア,逃げ駆け引き,逃げ焦り,短距離直線○,短距離コーナー○,大きなリード,善後策,後方釘付,詰め寄り,地固め,軽い足取り,意気衝天,2022.01.28"
SSR,トーセンジョーダン,In my way,スピード,"［In,my,way］トーセンジョーダン,伏兵○,スタミナキープ,位置取り押し上げ,中距離直線○,中距離コーナー○,先行直線○,ラッキーセブン,直線回復,好転一息,2022.01.28"
SSR,アグネスデジタル,そこに“いる”幸せ,パワー,"左回り○,マイル直線○,差し直線○,ウマ好み,前列狙い,ありったけ,雨の日○,道悪○,栄養補給,集中力,狙うは最前列！,2022.02.08"
SSR,ナリタトップロード,桃色のバックショット,スピード,"非根幹距離○,良バ場○,内枠得意○,好位追走,抜け出し準備,長距離直線○,ありったけ,テンポアップ,先行のコツ○,追い上げ,良バ場の鬼,2022.02.24"
SSR,メジロブライト,リトル・バイ・リトル,スタミナ,"右回り○,別腹タンク,パス上手,追い上げ,スタミナイーター,深呼吸,早仕掛け,怒涛の追い上げ,2022.02.24"
SSR,サトノダイヤモンド,SPECIAL DREAMERS!!,賢さ,"［SPECIAL,DREAMERS!!］サトノダイヤモンド,位置取り押し上げ,追い上げ,差し直線○,差しコーナー○,差しのコツ○,静かな呼吸,逃げためらい,シンパシー,潜伏態勢,2022.02.24"
SSR,マーベラスサンデー,世界にもっと☆マーベラス,根性,"直線巧者,ペースアップ,逃げためらい,先行ためらい,尻尾上がり,阪神レース場○,火事場のバ鹿力,2022.03.07"
SSR,チーム＜シリウス＞,紡がれてゆく想い,グループ,"［紡がれてゆく想い］チーム,なし,あやしげな作戦,徹底マーク○,日本一のウマ娘,コーナー回復○,先駆け,良バ場○,差しコーナー○,一匹狼,左回り○,別腹タンク,2022.03.18"
SSR,シンボリルドルフ,Enchainement,スタミナ,"逃げけん制,先行けん制,差しけん制,追込けん制,中距離直線○,中距離コーナー○,束縛,ありったけ,雨の日○,軽やかステップ,気炎万丈,2022.03.29"
SSR,シリウスシンボリ,Escorte etoile,賢さ,"［Escorte,etoile］シリウスシンボリ,道悪○,中距離コーナー○,差し直線○,一匹狼,静かな呼吸,かく乱,遊びはおしまいっ！,差しのコツ○,ワンチャンス,起死回生,2022.03.29"
SSR,エアシャカール,mag!c number,スピード,"［mag!c,number］エアシャカール,後方待機,直線一気,テンポアップ,追込コーナー○,冷静,ペースキープ,前のめり,追込直線○,冷静沈着,2022.03.29"
SSR,ダイワスカーレット,Outfit as No.1,パワー,"［Outfit,as,No.1］ダイワスカーレット,対抗意識○,好位追走,抜け出し準備,先行コーナー○,直滑降,スタミナキープ,影打,テンポアップ,鍔迫り合い,2022.04.11"
SSR,バンブーメモリー,届け、このオモイ！,根性,"徹底マーク○,末脚,外差し準備,詰め寄り,上昇気流,マイル直線○,根幹距離○,位置取り押し上げ,気合十分,破竹の勢い,2022.04.28"
SSR,シーキングザパール,そのエールは世界を変えた,スピード,"良バ場○,抜け出し準備,差し切り体勢,スプリントギア,展開窺い,鋭い眼光,先行のコツ○,差しのコツ○,真っ向勝負,ウマ好み,上昇気流,軽い足取り,大胆不敵,2022.04.28"
SSR,カワカミプリンセス,フレフレ☆プリンセス！,パワー,"根幹距離○,好位追走,軽やかステップ,まき直し,食い下がり,勝利への執念,2022.04.28"
SSR,ミスターシービー,Dear Mr. C.B.,賢さ,"［Dear,Mr.,C.B.］ミスターシービー,雨の日○,コーナー加速○,末脚,直線一気,中距離コーナー○,策士,尻尾上がり,早仕掛け,コーナー回復○,まなざし,強攻策,2022.05.10"
SSR,ハルウララ,うららか・ぱっしょん♪,パワー,"なし,伏兵○,努力家,2022.05.30"
SSR,イクノディクタス,愛すべき金蘭のつどい,スタミナ,"ウマ込み冷静,位置取り押し上げ,差しコーナー○,読解力,鋭い眼光,差しのコツ○,静かな呼吸,トリック,フルスロットル,勇往邁進,2022.05.30"
SSR,ライスシャワー,あこがれの景色,賢さ,"深呼吸,先行コーナー○,直滑降,かく乱,先行のコツ○,影打,良バ場○,京都レース場○,くじけぬ精神,2022.05.30"
SSR,タイキシャトル,Hands up crook!,スピード,"［Hands,up,crook!］タイキシャトル,道悪○,積極策,マイル直線○,ギアシフト,アクセラレーション,スピードイーター,抜け出し準備,マイルコーナー○,マイルの支配者,2022.06.20"
SSR,エルコンドルパサー,キラキラカケル∞,根性,"根幹距離○,好位追走,抜け出し準備,ホークアイ,先行直線○,先行のコツ○,真っ向勝負,晴れの日○,スピードスター,2022.06.30"
SSR,マチカネタンホイザ,マチタン☆アドベンチャー,賢さ,"コーナー回復○,隠れ蓑,ペースキープ,垂れウマ回避,末脚,ふり絞り,逃げけん制,ペースアップ,差し焦り,アガッてきた！,2022.06.30"
SSR,ゼンノロブロイ,『ロードナイトと夢の石』,スタミナ,"東京レース場○,テンポアップ,中距離コーナー○,束縛,先行のコツ○,差しのコツ○,中距離直線○,読解力,まき直し,千里眼,2022.06.30"
SSR,エアグルーヴ,理想へ向かう青嵐,パワー,"追込焦り,追込ためらい,差し直線○,鋭い眼光,静かな呼吸,恐れぬ心,臨機応変,ワンチャンス,上昇気流,潜伏態勢,2022.07.11"
SSR,玉座に集いし者たち,尊尚親愛,グループ,"なし,闘争心,ポジションセンス,フルスロットル,中山レース場○,光芒円刃,中距離コーナー○,雨の日○,先行直線○,がんばり屋,2022.07.20"
SSR,スペシャルウィーク,私たちと夢、掴みましょう！,根性,"右回り○,中山レース場○,非根幹距離○,冬ウマ娘○,長距離直線○,追い上げ,別腹タンク,影打,直線回復,怒涛の追い上げ,2022.07.20"
SSR,マルゼンスキー,おセンチ注意報♪,スピード,"夏ウマ娘○,集中力,先駆け,逃げ直線○,逃げコーナー○,先頭プライド,スリーセブン,地固め,スリップストリーム,遊びはおしまいっ！,トップランナー,2022.07.29"
SSR,ナカヤマフェスタ,一天地六に身を任せ,賢さ,"道悪○,夏ウマ娘○,伏兵○,垂れウマ回避,差し切り体勢,食い下がり,差し直線○,ラッキーセブン,スリーセブン,ウマ好み,ありったけ,あやしげな作戦,中山レース場○,阪神レース場○,博打うち,2022.07.29"
SSR,サクラチヨノオー,チョベリグ心あれば桜心,根性,"夏ウマ娘○,マイル直線○,ギアシフト,先行直線○,先行コーナー○,先行のコツ○,真っ向勝負,春ウマ娘○,アクセラレーション,アクセル全開！,2022.07.29"
SSR,マンハッタンカフェ,It's on the house,スタミナ,"［It's,on,the,house.］マンハッタンカフェ,深呼吸,長距離直線○,長距離コーナー○,パス上手,追い上げ,スタミナイーター,登山家,非根幹距離○,泰然自若,2022.08.19"
SSR,ライトハロー,from the GROUND UP,友人,"［from,the,GROUND,UP］ライトハロー,なし,おひとり様○,逃げのコツ○,先行のコツ○,お先に失礼っ！,2022.08.24"
SSR,アグネスタキオン,Q≠0,スピード,"テンポアップ,中距離直線○,中距離コーナー○,束縛,先行コーナー○,先行のコツ○,真っ向勝負,攻めの姿勢,差しのコツ○,先行直線○,ささやき,アンストッパブル,2022.08.24"
SSR,ミホノブルボン＿icon,U ＆ Me,スピード,"［U,Me］ミホノブルボン,集中力,ポジションセンス,先駆け,先頭プライド,逃げ直線○,逃げコーナー○,急ぎ足,切り開く者,2022.08.24"
SSR,トウカイテイオー,テイオー・オー・オー！！！,賢さ,"対抗意識○,コーナー巧者○,ポジションセンス,垂れウマ回避,臨機応変,軽やかステップ,先行コーナー○,気迫を込めて,先行直線○,好位追走,弧線のプロフェッサー,2022.08.29"
SSR,ツインターボ,TT Ignition!,根性,"［TT,Ignition!］ツインターボ,対抗意識○,徹底マーク○,先駆け,急ぎ足,勢い任せ,先頭プライド,しゃかりき,遊びはおしまいっ！,出力1000％！,2022.08.29"
SSR,ビワハヤヒデ,ユークロニア・アーキテクト,スタミナ,"阪神レース場○,道悪○,外枠得意○,曇りの日○,スタミナキープ,パス上手,先行直線○,先行のコツ○,尻尾上がり,真っ向勝負,抜かりなし,内弁慶,抜け出し準備,VIP顔パス,2022.08.29"
SSR,ダイイチルビー,嗚呼華麗ナル一族,パワー,"差し切り体勢,詰め寄り,逃げけん制,逃げ焦り,逃げためらい,抜け駆け禁止,布石,束縛,差し直線○,一匹狼,恐れぬ心,差しコーナー○,スプリントギア,電光石火,2022.09.20"
SSR,メジロパーマー,月下の悪魔ちゃん♪,スタミナ,"先駆け,押し切り準備,リードキープ,勢い任せ,逃げのコツ○,地固め,シンパシー,遊びはおしまいっ！,道悪○,パス上手,逃げコーナー○,先手必勝,2022.09.29"
SSR,ダイタクヘリオス,お日さま天使ちゃん♪,スピード,"良バ場○,秋ウマ娘○,晴れの日○,マイルコーナー○,ギアシフト,スピードイーター,シンパシー,スリップストリーム,しゃかりき,伏兵○,逃げ直線○,尻尾上がり,いいとこ入った！,2022.09.29"
SSR,シンコウウインディ,とびだせ！恐怖の魔王軍,根性,"抜け出し準備,逃げためらい,道悪○,対抗意識○,まっしぐら,砂浴び○,意気込み十分,泥遊び○,圧迫感,負けん気,泥んこマイスター,2022.09.29"
SSR,タニノギムレット,Welcome to Umayuru,パワー,"［Welcome,to,Umayuru］タニノギムレット,良バ場○,直線一気,上昇気流,ホークアイ,ワンチャンス,前のめり,追込のコツ○,疾風怒濤,2022.10.17"
SSR,シンボリクリスエス,A Win Foreshadowed,スタミナ,"［A,Win,Foreshadowed］シンボリクリスエス,コーナー回復○,差し切り体勢,長距離直線○,パス上手,差しコーナー○,十万バリキ,恐れぬ心,がむしゃら,曇りの日○,対抗意識○,無我夢中,2022.10.19"
SSR,オグリキャップ,駆けよ、駆けよ、駆けよ！！,賢さ,"曇りの日○,コーナー巧者○,垂れウマ回避,好位追走,テンポアップ,先行直線○,先行コーナー○,直滑降,栄養補給,ありったけ,真っ向勝負,確かな足取り,中山レース場○,スリーセブン,快進撃,2022.10.28"
SSR,ヤエノムテキ,天まで焦がせ祈りの火,根性,"ペースアップ,末脚,抜け出し準備,テンポアップ,中距離直線○,中距離コーナー○,尻尾上がり,栄養補給,左回り○,キラーチューン,2022.10.28"
SSR,メジロアルダン,夜風に舞うは祈りの花,スピード,"左回り○,好位追走,軽やかステップ,先行コーナー○,先行のコツ○,先行ためらい,レースプランナー,2022.10.28"
SSR,エイシンフラッシュ,Danke schon,スピード,"［Danke,schön］エイシンフラッシュ,根幹距離○,軽やかステップ,差し直線○,差しコーナー○,がんばり屋,差しのコツ○,ワンチャンス,徹底マーク〇,位置取り押し上げ,鋭脚一閃,2022.11.17"
SSR,ナリタブライアン,GLAD TIDINGS,パワー,"［GLAD,TIDINGS］ナリタブライアン,右回り○,良バ場○,冬ウマ娘○,好位追走,外差し準備,長距離直線○,抜かりなし,確かな足取り,食らいつき,本領発揮,一匹狼,猛追,2022.11.28"
SSR,エアグルーヴ,Are you merry？,賢さ,"［Are,you,merry?］エアグルーヴ,根幹距離○,冬ウマ娘○,位置取り押し上げ,上昇気流,差し直線○,差しのコツ○,静かな呼吸,恐れぬ心,臨機応変,ペースキープ,読解力,迅速果断,2022.11.28"
SSR,サクラローレル,ここからはDon't stop!,スタミナ,"［ここからはDon't,stop!］サクラローレル,春ウマ娘○,冬ウマ娘○,晴れの日○,深呼吸,長距離コーナー○,スタミナイーター,小休憩,マイペース,がむしゃら,先行けん制,静かな呼吸,大胆不敵,2022.11.28"
SSR,ヤマニンゼファー,誰も知らない風へ,根性,"秋ウマ娘○,伏兵○,コーナー加速○,マイルコーナー○,ギアシフト,負けん気,中距離コーナー○,先行のコツ○,向上心,スリップストリーム,風雲の志,2022.12.20"
SSR,スペシャルウィーク,ハネ退け魔を退け願い込め,スタミナ,"左回り○,根幹距離○,垂れウマ回避,末脚,テンポアップ,別腹タンク,軽やかステップ,ありったけ,影打,闘争心,マイペース,ノンストップガール,2022.12.29"
SSR,スイープトウショウ,気まぐれ絶佳,賢さ,"トリック,ささやき,追込直線○,お見通し,下校の楽しみ,スリップストリーム,打開策,切れ味,まなざし,自制心,抜群の切れ味,2022.12.29"
SSR,グラスワンダー,遥か流るる冬夏青青,パワー,"冬ウマ娘○,曇りの日○,長距離コーナー○,スタミナイーター,抜かりなし,先行駆け引き,徹底マーク○,追い上げ,クールダウン,2022.12.29"
SSR,ケイエスミラクル,To you,根性,"［To,you］ケイエスミラクル,上昇気流,短距離コーナー○,善後策,先行直線○,先行のコツ○,攻めの姿勢,軽い足取り,コーナー加速○,鍔迫り合い,2023.01.20"
SSR,マーベラスサンデー,マーベラス☆ショコラSHOW,スピード,"ペースキープ,長距離直線○,スタミナイーター,尻尾上がり,ありったけ,ワンチャンス,前のめり,がむしゃら,阪神レース場○,直線回復,不屈の心,2023.01.30"
SSR,ビコーペガサス,変身！ギャルソンフォーム！,パワー,"雨の日○,垂れウマ回避,位置取り押し上げ,スプリントギア,差しコーナー○,恐れぬ心,一足飛び,短距離直線○,差し駆け引き,差し切り体勢,鋭脚円刃,2023.01.30"
SSR,ヒシアケボノ,フォンデンテで笑って,賢さ,"晴れの日○,押し切り準備,短距離コーナー○,善後策,仕掛け準備,栄養補給,スプリントギア,プランX,2023.01.30"
SSR,メジロラモーヌ,燦爛,賢さ,"直線巧者,集中力,マイル直線○,マイルコーナー○,ギアシフト,中距離直線○,ありったけ,確かな足取り,しとやかな足取り,中距離コーナー○,負けん気,闘争心,優位形成,2023.02.24"
SSR,カツラギエース,掲げよ、燃え盛る灯を,スピード,"東京レース場○,急ぎ足,食い下がり,中距離直線○,逃げコーナー○,先頭プライド,向上心,確かな足取り,粘り腰,地固め,押し切り準備,勝利への執念,2023.02.24"
SSR,シンボリクリスエス,Unyielding resolve,根性,"［Unyielding,resolve］シンボリクリスエス,中距離コーナー○,差しコーナー○,十万バリキ,ありったけ,闘争心,恐れぬ心,曇りの日○,ホークアイ,気炎万丈,2023.02.24"
SSR,祖にして導く者,永劫続く栄光へ,グループ,"なし,コーナー巧者○,マイルコーナー○,中距離コーナー○,直線巧者,ウマ好み,積極策,善後策,深呼吸,ありったけ,快速,神速,スリーセブン,ペースアップ,短距離コーナー○,長距離直線○,2023.03.20"
SSR,ナイスネイチャ,今は瞳を閉じないで,パワー,"小倉レース場○,コーナー巧者○,直線巧者,隠れ蓑,末脚,差し切り体勢,ウマ好み,スリップストリーム,ペースアップ,尻尾上がり,垂れウマ回避,いいとこ入った！,2023.03.29"
SSR,メジロマックイーン,心、夜風にさらわれて,スタミナ,"京都レース場○,道悪○,コーナー回復○,直線回復,別腹タンク,長距離直線○,長距離コーナー○,影打,脇目も振らず,先駆け,抜かりなし,本領発揮,脱兎の先へ,2023.03.29"
SSR,トウカイテイオー,比翼のワルツ,スピード,"ポジションセンス,垂れウマ回避,臨機応変,イナズマステップ,軽やかステップ,巧みなステップ,確かな足取り,先行直線○,先行コーナー○,ライトニングステップ,2023.03.29"
SSR,シンボリルドルフ,絶対皇帝,根性,"右回り○,中山レース場○,コーナー回復○,前途洋々,中距離コーナー○,束縛,闘争心,前のめり,向上心,確かな足取り,食らいつき,型破り,雨の日○,コーナー加速○,コーナー巧者○,円弧のマエストロ,2023.04.19"
SSR,ミホノブルボン,ミッション『心の栄養補給』,賢さ,"左回り○,良バ場○,道悪○,先駆け,急ぎ足,押し切り準備,二の矢,登山家,地固め,集中力,逃げのコツ○,盤石の構え,2023.04.28"
SSR,サクラローレル,刻下、桜花爛漫,スタミナ,"春ウマ娘○,コーナー回復○,直線回復,スタミナイーター,マイペース,大急ぎ,溢れる情熱,進出開始,先行けん制,乗り換え上手,2023.04.28"
SSR,イクノディクタス,たどり着いた景色,パワー,"ウマ込み冷静,位置取り押し上げ,差し直線○,鋭い眼光,差しのコツ○,トリック,読解力,努力家,2023.04.28"
SSR,ジャングルポケット,The frontier,スピード,"［The,frontier］ジャングルポケット,コーナー巧者○,差し切り体勢,中距離直線○,中距離コーナー○,ワンチャンス,切れ味,込み上げる熱,がむしゃら,ありったけ,昂る鼓動,2023.05.19"
SSR,ダイワスカーレット,Something Blue,根性,"［Something,Blue］ダイワスカーレット,集中力,前途洋々,テンポアップ,食い下がり,中距離直線○,危険回避,先頭プライド,逃げのコツ○,気迫を込めて,粘り腰,スタミナキープ,急ぎ足,踏ませぬ影,2023.05.29"
SSR,アストンマーチャン,オートクチュール・メモリー,賢さ,"集中力,先駆け,スプリントギア,短距離直線○,短距離コーナー○,仕掛け準備,逃げのコツ○,軽い足取り,後方釘付,危険回避,コンセントレーション,2023.05.29"
SSR,ウオッカ,ハート・イグニッション！！,スタミナ,"東京レース場○,直線回復,位置取り押し上げ,アクセラレーション,ワンチャンス,フルスロットル,垂れウマ回避,鋭い眼光,百万バリキ,2023.05.29"
SSR,テイエムオペラオー,All'alba vincero!,賢さ,"［All'alba,vincerò!］テイエムオペラオー,中山レース場○,直線巧者,直線回復,内弁慶,長距離直線○,長距離コーナー○,影打,本領発揮,ロックオン,非根幹距離○,深呼吸,コーナー巧者○,怪物,ハヤテ一文字,2023.06.09"
SSR,マヤノトップガン,Chill chill night,パワー,"［Chill,chill,night*］マヤノトップガン,ペースアップ,垂れウマ回避,好位追走,軽やかステップ,先行直線○,真っ向勝負,確かな足取り,直線巧者,ノンストップガール,2023.06.19"
SSR,ゴールドシチー,優しい月,根性,"マイルコーナー○,負けん気,布石,尻尾上がり,一足飛び,向こう見ず,心弾んで,小休憩,ギアシフト,青嵐,ハイボルテージ,2023.06.29"
SSR,メジロパーマー,カモメのように,スピード,"コーナー巧者○,深呼吸,長距離直線○,長距離コーナー○,逃げ直線○,勢い任せ,地固め,遊びはおしまいっ！,しゃかりき,バイブス上昇,道悪○,ブチ☆アゲ↑バイブス,2023.06.29"
SSR,ダイタクヘリオス,＃夏 ＃新しい自分,賢さ,"［＃夏,＃新しい自分］ダイタクヘリオス,良バ場○,夏ウマ娘○,晴れの日○,短距離コーナー○,マイルコーナー○,かく乱,スリップストリーム,軽い足取り,伏兵○,シンパシー,圧倒的リード,2023.06.29"
SSR,ワンダーアキュート,ライフロング・ワンダー,パワー,"負けん気,レコメンド,前列狙い,船橋レース場○,ナイター○,まっしぐら,砂浴び○,泥遊び○,圧迫感,踏み込み上手,尻尾上がり,優雅な砂浴び,2023.07.21"
SSR,マンハッタンカフェ,君と見る泡沫,賢さ,"深呼吸,長距離直線○,マイペース,がむしゃら,型破り,ロックオン,大急ぎ,非根幹距離○,尻尾上がり,差しコーナー○,無我夢中,クールダウン,2023.07.31"
SSR,ジャングルポケット,トばすぜホットサマー！,根性,"位置取り押し上げ,差し切り体勢,中距離直線○,差しコーナー○,十万バリキ,差しのコツ○,ワンチャンス,溢れる情熱,進出開始,がむしゃら,突撃魂,2023.07.31"
SSR,エアグルーヴ,Seaside Bloom,スピード,"［Seaside,Bloom］エアグルーヴ,スタミナキープ,先行コーナー○,直滑降,かく乱,先行のコツ○,真っ向勝負,攻めの姿勢,臨機応変,直線加速,スピードスター,2023.07.31"
SSR,佐岳メイ,L'aubeは迫りて,友人,"なし,一匹狼,直線巧者,ネバーギブアップ,2023.08.24"
SSR,エルコンドルパサー,大望は飛んでいく,スピード,"コーナー巧者○,コーナー回復○,中距離コーナー○,先行コーナー○,気迫を込めて,下り坂巧者,攻めの姿勢,会心の一歩,晴れの日○,テンポアップ,食い下がり,王手,弧線のプロフェッサー,2023.08.24"
SSR,アドマイヤベガ,Precious☆Moments,スタミナ,"後方待機,仕掛け抜群,追込コーナー○,策士,早仕掛け,先行けん制,中距離コーナー○,冷静沈着,2023.08.24"
SSR,ナカヤマフェスタ,鉄火場に咲く菫,賢さ,"ペースアップ,末脚,一匹狼,やまっけ,自信家,ロンシャンレース場○,中山レース場○,阪神レース場○,闘争心,右回りの鬼,右回り○,2023.08.31"
SSR,ヒシアマゾン,炎々、闘志を抱き,パワー,"コーナー巧者○,垂れウマ回避,末脚,後方待機,仕掛け抜群,追込直線○,追込ためらい,直線一気,月影円刃,迫る影,2023.09.20"
SSR,ファインモーション,Hello my clover,スピード,"［Hello,my,clover］ファインモーション,右回り○,ポジションセンス,スタミナキープ,積極策,テンポアップ,攻めの姿勢,コーナー巧者○,余裕綽々,2023.09.29"
SSR,タニノギムレット,フォルトゥーナの喝采,スタミナ,"東京レース場○,直線巧者,垂れウマ回避,直線一気,食い下がり,中距離直線○,追込直線○,前のめり,追込のコツ○,一匹狼,高揚感,2023.09.29"
SSR,タップダンスシチー,高らかにYO-HO!,根性,"内枠得意○,先駆け,急ぎ足,押し切り準備,逃げコーナー○,先頭プライド,勢い任せ,逃亡者,脱出術,2023.09.29"
SSR,ゴールドシップ,波をかきわけ夢がゆく,スピード,"右回り○,ペースアップ,末脚,後方待機,直線一気,追込直線○,追込コーナー○,追込のコツ○,ウマ好み,名前,阪神レース場○,あやしげな作戦,ウママニア,2023.10.19"
SSR,ツルマルツヨシ,天より遣われし微笑み,パワー,"末脚,抜け出し準備,食い下がり,中距離直線○,攻めの姿勢,食らいつき,がんばり屋,ペースキープ,フルスロットル,光芒一閃,2023.10.30"
SSR,キングヘイロー,我が舞、巡りて,根性,"外差し準備,スプリントギア,短距離直線○,仕掛け準備,恐れぬ心,プレッシャー,ひたむき前進,末脚,威風堂々,気骨稜稜,2023.10.30"
SSR,ハルウララ,ああ、楽しや、楽しや！,パワー,"なし,伏兵○,鋼の意志,2023.10.30"
SSR,メジロマックイーン,かっとばせー！ですわ！？,賢さ,"抜け出し準備,先行直線○,栄養補給,尻尾上がり,真っ向勝負,攻めの姿勢,勝利に向かって,狙いを定めて,先駆け,阪神レース場○,かっとばせ！,2023.11.10"
SSR,サウンズオブアース,大地と我らのアンサンブル,スタミナ,"直線回復,垂れウマ回避,末脚,スリップストリーム,遊びはおしまいっ！,中盤巧者,序盤巧者,ロックオン,直線巧者,ハヤテ一文字,好転一息,2023.11.20"
SSR,メジロドーベル,聖夜、変わるために,不明,2023.11.30
SSR,メジロラモーヌ,冬溶かす熾火,不明,2023.11.30
SSR,メジロライアン,選んで選んで、想いを込めて,不明,2023.11.30
SSR,ヴィブロス,会心のウイニングスマイル,不明,2023.12.20
SSR,刻み続ける者たち,この先も！,グループ,"なし,長距離直線○,イナズマステップ,末脚,東京レース場○,全身全霊,コーナー巧者○,先行直線○,別腹タンク,2023.12.28"
SSR,ツインターボ,ウタエミンナノ,不明,2023.12.28
SSR,ドゥラメンテ,血脈の胎動,不明,2023.12.28
SSR,サトノダイヤモンド,百花の願いをこの胸に,不明,2023.12.28
SSR,ホッコータルマエ,白い翼は舞い戻りて,不明,2024.01.19
SSR,ウイニングチケット,小さな笑顔、2つ,不明,2024.01.31
SSR,サクラバクシンオー,感謝感激！サクラ吹雪！！,不明,"［感謝感謝！サクラ吹雪！！］サクラバクシンオー,2024.01.31"
SSR,ノースフライト,ゴー・ファッショニスタ！,不明,2024.01.31
SSR,キタサンブラック,2人のバウンス・シャッセ,根性,2024.01.31
SSR,ドゥラメンテ,激情のピッツィカ,スタミナ,"ペースキープ,末脚,中距離直線○,前のめり,イグニッション,一陣の風,2024.02.21"
SSR,ジェンティルドンナ,Balliamo？,スピード,"［Balliamo?］ジェンティルドンナ,良バ場○,直線巧者,末脚,スタミナキープ,がんばり屋,ウマ好み,しとやかな足取り,下り坂巧者,マイル直線○,中距離直線○,アガッてきた！,2024.02.24"
SSR,都留岐涼花,共に描くキラメキ,不明,2024.02.24
SSR,オルフェーブル,只、君臨す。,根性,"［只、君臨す。］オルフェーヴル,コーナー巧者○,垂れウマ回避,尻尾上がり,遊びはおしまいっ！,快速,込み上げる熱,渾身の足取り,型破り,神速,2024.02.24"
SSR,サウンズオブアース,ブリッランテな旋律を君と,パワー,"ペースアップ,垂れウマ回避,末脚,テンポアップ,シンパシー,中盤巧者,ロックオン,どこ吹く風,2024.03.20"
SSR,シュヴァルグラン,Over the Ocean,スタミナ,"［Over,the,Ocean］シュヴァルグラン,スタミナキープ,抜け出し準備,内弁慶,長距離直線○,長距離コーナー○,先行直線○,攻めの姿勢,本領発揮,勝利に向かって,影打,真打,2024.03.21"
SSR,ラインクラフト,ティアラが描くレイライン,根性,"阪神レース場○,抜け出し準備,積極策,マイル直線○,アクセラレーション,負けん気,スピードイーター,マイルコーナー○,アンストッパブル,2024.03.21"
SSR,バンブーメモリー,Burning!!,パワー,"東京レース場○,仕掛け抜群,詰め寄り,上昇気流,仕掛け準備,負けん気,打開策,根幹距離○,月影一閃,2024.03.29"
SSR,ケイエスミラクル,白い鳥のアラベスク,パワー,"夏ウマ娘○,スプリントギア,短距離直線○,善後策,下り坂巧者,序盤巧者,急発進,軽い足取り,直線巧者,スプリントターボ,2024.03.29"
SSR,ヤマニンゼファー,浚いの風,スピード,"抜け出し準備,積極策,先行直線○,スリップストリーム,真っ向勝負,向こう見ず,しとやかな足取り,向上心,遮二無二,2024.03.29"
SSR,ネオユニヴァース,V.E.R.2285のあなたへ,賢さ,"根幹距離○,中距離コーナー○,ウマ好み,ありったけ,前のめり,自制心,型破り,イグニッション,進出開始,ワンチャンス,起死回生,2024.04.09"
SSR,ヴィブロス,とっておきのレヴェランス,スピード,"外差し準備,展開窺い,負けん気,ささやき,がんばり屋,自信家,差し直線○,リラックス,2024.04.17"
SSR,ノーリーズン,大胆不敵の兵よ,根性,"伏兵○,直線加速,がんばり屋,小休憩,闘争心,食らいつき,自信家,ありったけ,大胆不敵,2024.04.30"
SSR,ナリタタイシン,Take Them Down!,賢さ,"［Take,Them,Down!］ナリタタイシン,直線一気,追込直線○,打開策,たぎる血潮,推力十分,惜しみなし,影踏み,好機を捉えて,追い上げ,飛翔脚,迫る影,2024.04.30"
SSR,ヒシミラクル,わーく・あ・みらくる！,スタミナ,"差し切り体勢,深呼吸,スタミナイーター,小休憩,ロックオン,大急ぎ,進出開始,マイペース,一発必中,2024.04.30"
SSR,ウオッカ,明日のライド・オン,根性,"左回り○,コーナー巧者○,外差し準備,負けん気,フルスロットル,一足飛び,自信家,垂れウマ回避,電光石火,2024.05.10"
SSR,ジャングルポケット,新時代を開く者,パワー,"東京レース場○,ウマ込み冷静,末脚,中距離直線○,前のめり,型破り,自信家,がむしゃら,高揚感,2024.05.24"
SSR,ヴィブロス,アルストロメリアの夢,スピード,"直線巧者,垂れウマ回避,マイル直線○,ウマ好み,進出開始,序盤巧者,差し直線○,尻尾上がり,尻尾の滝登り,2024.05.30"
SSR,セイウンスカイ,幸福の匂いにまどろむ,パワー,"右回り○,中距離コーナー○,逃げ直線○,危険回避,先頭プライド,気迫を込めて,粘り腰,リードキープ,一番乗り,誰より前へ！,2024.05.30"
SSR,ヴィルシーナ,紺碧の戴冠式,スピード,"コーナー加速○,集中力,ペースアップ,臨機応変,ギアシフト,二の矢,しとやかな足取り,積極策,豪風一閃,2024.05.30"
SSR,秋川理事長,謹製ッ！特大夢にんじん！,友人,"なし,直線巧者,中盤巧者,ウママニア,2024.06.26"
SSR,ニシノフラワー,朝焼け苺の畑にて,パワー,"直線巧者,地固め,スリップストリーム,序盤巧者,素直な一歩,胸の高鳴り,トキメキハート,正攻法,2024.06.26"
SSR,ダンツフレーム,そして幕は上がる,スタミナ,"垂れウマ回避,スタミナキープ,好位追走,中距離直線○,中距離コーナー○,先行直線○,遊びはおしまいっ！,ありったけ,揺るがぬ信念,食らいつき,初志貫徹,2024.07.09"
SSR,スマートファルコン,波間のオフショット,スピード,"ポジションセンス,先駆け,急ぎ足,逃げ直線○,逃げコーナー○,先頭プライド,逃げのコツ○,地固め,粘り腰,押し切り準備,先手必勝,2024.07.29"
SSR,コパノリッキー,Lucky☆Summertime,賢さ,"左回り○,地固め,交流重賞○,明るい兆し,砂浴び○,踏み込み上手,自信家,ダート直線○,ダートコーナー○,パイオニア,砂払い,砂の開拓者,砂の妙手,2024.07.29"
SSR,ワンダーアキュート,あの夏のキリトリ線,スタミナ,"ペースアップ,前列狙い,交流重賞○,攻めの姿勢,砂払い,踏み込み上手,全速前進！,2024.07.29"
SSR,ファインモーション,歴史も美食も余すところなく,根性,"夏ウマ娘○,直線回復,中距離コーナー○,しとやかな足取り,探究心,飛躍の予感,揺るがぬ信念,正面突破,コーナー巧者○,札幌レース場○,王道一途,2024.08.14"
SSR,スティルインラブ,Devilish Whispers,スピード,"［Devilish,Whispers］スティルインラブ,コーナー巧者○,直線巧者,垂れウマ回避,中距離コーナー○,尻尾上がり,遊びはおしまいっ！,品行方正,滾る想い,しとやかな足取り,むきだしの情熱,克己心,本能の解放,怜悧清澄,2024.08.24"
SSR,ブエナビスタ,我が学び舎へ、愛をこめて,根性,"コーナー加速○,直線加速,ペースアップ,上昇気流,負けん気,気合十分,自信家,溢れる情熱,曲線のソムリエ,2024.08.24"
SSR,サトノダイヤモンド,今日もたのしく、おいしく。,スタミナ,"末脚,深呼吸,内弁慶,別腹タンク,パス上手,抜かりなし,食らいつき,逃げためらい,食いしん坊,2024.08.24"
SSR,タイキシャトル,月下のSunshine,賢さ,"積極策,マイルコーナー○,負けん気,地固め,向こう見ず,心弾んで,風切り,後先恐れず,直線コース○,抜け出し準備,胆無比,2024.08.30"
SSR,フジキセキ,悩み事かい？ポニーちゃん,根性,"先行コーナー○,遊びはおしまいっ！,真っ向勝負,攻めの姿勢,食らいつき,飛躍の予感,胸の高鳴り,抜け出し準備,流星光底,2024.08.30"
SSR,シンボリクリスエス,Rewarding Job,賢さ,"［Rewarding,Job］シンボリクリスエス,ペースアップ,ペースキープ,深呼吸,別腹タンク,長距離コーナー○,スタミナイーター,中盤巧者,曇りの日○,内的体験,2024.08.30"
SSR,トウカイテイオー,開催☆ハチャメチャGP！,スピード,"中山レース場○,コーナー巧者○,臨機応変,テンポアップ,尻尾上がり,先行直線○,神業ステップ,2024.08.30"
SSR,エスポワールシチー,KNOCK 'EM DOWN!,パワー,"［KNOCK,'EM,DOWN!］エスポワールシチー,負けん気,遊びはおしまいっ！,交流重賞○,明るい兆し,砂浴び○,踏み込み上手,パイオニア,ダートコーナー○,裏腹なキモチ,砂払い,抜群の踏み込み,清濁併呑,2024.09.10"
SSR,シーザリオ,慈恵のMother Sea,賢さ,"［慈恵のMother,Sea］シーザリオ,根幹距離○,ペースアップ,末脚,ありったけ,闘争心,食らいつき,会心の一歩,光芒円刃,2024.09.20"
SSR,ヒシアマゾン,牙を立て、リフレイン,根性,"仕掛け抜群,直線一気,追込コーナー○,ウマ好み,スリップストリーム,渾身の足取り,たぎる血潮,切り崩し,追込ためらい,早仕掛け,強攻策,2024.09.30"
SSR,ナリタブライアン,咆哮のアポヤンド,スピード,"先行直線○,先行コーナー○,真っ向勝負,食らいつき,本領発揮,アグレッシブ,逸る足取り,一匹狼,怪物,影従打破,2024.09.30"
SSR,マチカネフクキタル,メークパワートリオ,パワー,"根性,十万バリキ,小休憩,ラッキーセブン,スリーセブン,プレッシャー,一歩から,鋭脚円刃,2024.09.30"
SSR,エアシャカール,Cocoon,スタミナ,"非根幹距離○,コーナー巧者○,末脚,長距離コーナー○,型破り,端緒,急襲,ペースキープ,連鎖反応,烈火の如く,2024.10.29"
SSR,ダイワスカーレット,緋色の君へ風が吹く,賢さ,"直線巧者,逃げコーナー○,危険回避,先頭プライド,遊びはおしまいっ！,序盤巧者,大詰め,迷いなし,覚悟を決めて,切り込み隊長,スタミナキープ,逃げ直線○,影打,急ぎ足,万里一空,トップランナー,2024.10.29"
SSR,シンボリクリスエス,COOL⇔CRAZY／Buddy,パワー,"［COOL⇔CRAZY/Buddy］シンボリクリスエス,位置取り押し上げ,差しコーナー○,スリップストリーム,キレる脚,プレッシャー,大急ぎ,溢れる情熱,進出開始,曇りの日○,がむしゃら,一歩から,無我夢中,千里の道,2024.11.08"
SSR,アグネスデジタル,【告知】新刊あります！,賢さ,"マイル直線○,マイルコーナー○,負けん気,スリップストリーム,気合十分,一足飛び,滾る想い,風切り,雨の日○,道悪○,ハイピッチ,勇猛果敢,2024.11.28"
SSR,メイショウドトウ,不屈の遠吠え,スピード,"右回り○,差し切り体勢,差し直線○,十万バリキ,ウマ好み,フルスロットル,食らいつき,一歩ずつ前へ,先行コーナー○,静かな呼吸,進出開始,突撃魂,2024.11.28"
SSR,テイエムオペラオー,王を総べて覇す者,パワー,"［王を統べて覇す者］テイエムオペラオー,コーナー回復○,ペースアップ,好位追走,先行直線○,巧みなステップ,勝利に向かって,非根幹距離○,スピードスター,2024.11.28"
SSR,ブラストワンピース,Blast Off!,根性,"［Blast,Off!］ブラストワンピース,コーナー巧者○,スタミナキープ,先行直線○,ウマ好み,攻めの姿勢,狙いを定めて,決定打,地道に重ねて,己を信じて,長距離直線○,努力の結実,正々堂々,2024.12.10"
SSR,シンボリルドルフ,雲煙飛動,賢さ,"中距離直線○,ウマ好み,尻尾上がり,スリップストリーム,下り坂巧者,快速,会心の一歩,序盤巧者,躍動,雨の日○,王手,いいとこ入った！,2024.12.27"
SSR,メジロアルダン,深窓の少女へ,パワー,"左回り○,先行コーナー○,攻めの姿勢,しとやかな足取り,品行方正,飛躍の予感,素直な一歩,決定打,逸る足取り,憧れを超えて,先行ためらい,十全十美,幕引き,2024.12.27"
SSR,マルゼンスキー,ふりさけみれば天花のわらう,スピード,"直線加速,集中力,押し切り準備,逃げコーナー○,勢い任せ,逃げのコツ○,遊びはおしまいっ！,素直な一歩,先駆け,踏ませぬ影,2024.12.27"
SSR,シーキングザパール,飛び立つヴィーナス,スピード,"スプリントギア,短距離直線○,短距離コーナー○,一足飛び,瞬発力,胸の高鳴り,ターニングポイント,直線コース○,ウマ好み,ひたむき前進,気骨稜稜,2025.01.10"
SSR,カレンチャン,Cutest in Ur,根性,"［Cutest,in,Ur,♡］カレンチャン,集中力,スプリントギア,短距離直線○,短距離コーナー○,地固め,軽い足取り,急発進,瞬発力,火花散らして,後方釘付,序盤巧者,丁々発止,コンセントレーション,2025.01.31"
SSR,イクノディクタス,鉄の乙女も微笑んで,賢さ,"マイル直線○,マイルコーナー○,負けん気,地固め,向こう見ず,自信家,滾る想い,風切り,胸の高鳴り,トリック,姉御肌,2025.01.31"
SSR,ナイスネイチャ,これきり、特別ですよ？,スタミナ,"隠れ蓑,ペースキープ,位置取り押し上げ,トリック,束縛,静かな呼吸,前のめり,恐れぬ心,ペースアップ,リラックス,2025.01.31"
SSR,ジャングルポケット,『最強は俺だ！！』,スタミナ,"東京レース場○,臨機応変,末脚,外差し準備,差し直線○,がんばり屋,小休憩,差しのコツ○,がむしゃら,迅速果断,2025.02.19"
SSR,伝説の体現者,導きの光,グループ,"なし,中盤巧者,直線巧者,込み上げる熱,ウマ好み,尻尾上がり,闘争心,地固め,英俊豪傑,比類なき,スリップストリーム,コーナー巧者○,序盤巧者,2025.02.24"
SSR,アーモンドアイ,世界を変える眼差し,スピード,"コーナー巧者○,直線巧者,垂れウマ回避,ウマ好み,尻尾上がり,探究心,飛躍の予感,さらなる高みへ,躍動,憧れを超えて,品行方正,シンギュラリティ,才気煥発,ハヤテ一文字,弧線のプロフェッサー,2025.02.24"
SSR,グランアレグリア,NEW TALES AWAIT,パワー,"［NEW,TALES,AWAIT］グランアレグリア,根幹距離○,上昇気流,気合十分,快速,自信家,胸の高鳴り,一歩ずつ前へ,マイル直線○,豪風一閃,2025.02.24"
SSR,メジロブライト,春、来たれり,スタミナ,"春ウマ娘○,長距離直線○,スタミナイーター,差し直線○,静かな呼吸,がむしゃら,ロックオン,大急ぎ,端緒,下準備,奮闘,深呼吸,一気呵成,2025.03.11"
SSR,ウオッカ,Ballroom Tempest,パワー,"［Ballroom,Tempest］ウオッカ,左回り○,中距離直線○,差し直線○,差しコーナー○,キレる脚,溢れる情熱,自信家,会心の一歩,光差す方へ,足がかり,垂れウマ回避,鋭脚一閃,突破口,2025.03.31"
SSR,ドリームジャーニー,誘うは夢心地,スピード,"右回り○,垂れウマ回避,仕掛け抜群,追込コーナー○,早仕掛け,たぎる血潮,推力十分,惜しみなし,影踏み,捕捉,打開策,完全燃焼,肉薄,2025.03.31"
SSR,シンボリクリスエス,Operation： Escort,スピード,"［Operation:,Escort］シンボリクリスエス,ペースキープ,末脚,深呼吸,追い上げ,スタミナイーター,マイペース,ロックオン,熱狂的,曇りの日○,烈風円刃,2025.03.31"
SSR,デアリングタクト,無垢の白妙,賢さ,"春ウマ娘○,位置取り押し上げ,差し直線○,十万バリキ,下り坂巧者,キレる脚,溢れる情熱,進出開始,駆け降り,押し通る！,一歩ずつ前へ,しとやかな足取り,独立独歩,迅速果断,2025.04.10"
SSR,トランセンド,繋がれパレード・ノーツ♪,根性,"地固め,遊びはおしまいっ！,レコメンド,前列狙い,踏み込み上手,パイオニア,ダート直線○,ダートコーナー○,裏腹なキモチ,砂蹴り,砂塵一閃,見事な砂蹴り,2025.04.30"
SSR,ブエナビスタ,Luz de ensueño,パワー,"［Luz,de,ensueño］ブエナビスタ,中距離直線○,追込コーナー○,前のめり,しとやかな足取り,渾身の足取り,切り替え上手,這い寄る足音,躍動,垣間見た光,登竜門,溢れる情熱,君臨,高揚感,2025.04.30"
SSR,エスポワールシチー,約束のglitter,根性,"ペースアップ,臨機応変,マイル直線○,まっしぐら,砂浴び○,泥遊び○,自信家,風切り,砂払い,チャート急上昇！,2025.04.30"
SSR,メジロマックイーン,グレイッシュPARTY☆,スピード,"臨機応変,別腹タンク,長距離コーナー○,栄養補給,先行のコツ○,攻めの姿勢,勝利に向かって,先駆け,熾烈の極み,2025.04.30"
SSR,サイレンススズカ,My Beloved Scenery,根性,"［My,Beloved,Scenery］サイレンススズカ,ポジションセンス,急ぎ足,逃げ直線○,地固め,一番乗り,素直な一歩,逃げ切り体勢,破天荒,追い風に乗って,抜きん出る一歩,左回り○,粘り腰,勝負はここから！,脱出術,2025.05.12"
SSR,ラインクラフト,Unveiled Dream,スピード,"［Unveiled,Dream］ラインクラフト,積極策,マイル直線○,ギアシフト,スピードイーター,地固め,一足飛び,心弾んで,風切り,素直な一歩,みなぎる闘志,マイルコーナー○,ギアチェンジ,ハイボルテージ,2025.05.30"
SSR,デアリングハート,Blooming Buds,賢さ,"［Blooming,Buds］デアリングハート,マイルコーナー○,負けん気,先行直線○,真っ向勝負,向こう見ず,自信家,胸の高鳴り,後先恐れず,己を信じて,アグレッシブ,遮二無二,2025.05.30"
SSR,エアメサイア,いつか深まる若草,賢さ,"根幹距離○,臨機応変,位置取り押し上げ,がんばり屋,登山家,端緒,駆け降り,差し切り体勢,百万バリキ,2025.05.30"
SSR,タッカーブライン,本能は吼えているか！？,友人,2025.06.27
SSR,タマモクロス,白き稲妻の如く,パワー,2025.06.27
SSR,メジロライアン,瞳に闘志を胸に勝利の渇望を,スタミナ,2025.07.11
SSR,フサイチパンドラ,ゼッタイ☆天才伝説,スピード,2025.07.22
SSR,ウインバリアシオン,水面のプリンシパル,賢さ,2025.07.31
SSR,ドゥラメンテ,Tranquillo,スタミナ,2025.07.31
SSR,ヴィブロス,極上スマイルはっし～ん♪,パワー,2025.07.31
SSR,ステイゴールド,気まぐれ渡り星,根性,2025.08.24
SSR,アドマイヤグルーヴ,氷結晶の静域,スピード,2025.08.24
SSR,クロノジェネシス,この先の未来で,賢さ,2025.08.24
SSR,カルストンライトオ,カルストンライトオ、猫です,スピード,2025.08.29
SSR,デュランダル,今宵、我が君のために,賢さ,2025.08.29
SSR,ダンツフレーム,今日が楽しかったから、,スピード,2025.08.29
SSR,ダイイチルビー,Inseparable,根性,2025.09.09
SSR,フジキセキ,壇上より魔法を込めて,根性,2025.09.29
SSR,エイシンフラッシュ,Zirkus der Träume,スピード,"［Zirkus,der,Träume］エイシンフラッシュ,2025.09.29"
SSR,トーセンジョーダン,All-Out Brilliance,パワー,"［All-Out,Brilliance］トーセンジョーダン,2025.09.29"
SSR,カレンブーケドール,決意のフローラ,スタミナ,2025.10.10
SSR,保科健子,ゆるり、ゆこま旅館,友人,2025.10.29
SSR,トウカイテイオー,天才的ユートピア,スピード,2025.10.29
SSR,ミホノブルボン,無機の闘志,パワー,2025.11.10
SSR,ゴールドシップ,激録！爆走トナカイ事件,スタミナ,2025.11.28
SSR,フェノーメノ,ぬくもりのノエル,スタミナ,2025.11.28
SSR,オルフェーヴル,黄金の夢に溺れよ,スタミナ,2025.11.28
SSR,イナリワン,故郷に錦を飾るんでい！,スタミナ,2025.12.11
SR,アグネスタキオン,生体Aに関する実験的研究,賢さ,"テンポアップ,中距離直線○,中距離コーナー○,束縛,差しのコツ○,逃げけん制,2021.02.24"
SR,アグネスデジタル,デジタル充電中＋,パワー,"隠れ蓑,ウマ込み冷静,マイル直線○,布石,中距離直線○,差し直線○,雨の日○,道悪○,追込駆け引き,2021.02.24"
SR,エアグルーヴ,副会長の一刺し,根性,"ペースキープ,テンポアップ,追込焦り,追込ためらい,中距離直線○,地固め,臨機応変,直線加速,2021.02.24"
SR,エイシンフラッシュ,0500・定刻通り,スピード,"根幹距離○,直線加速,差し直線○,差しコーナー○,がんばり屋,徹底マーク○,末脚,2021.02.24"
SR,キングヘイロー,一流プランニング,スピード,"良バ場○,曇りの日○,外枠得意○,コーナー回復○,様子見,詰め寄り,末脚,2021.02.24"
SR,ダイワスカーレット,努力は裏切らない！,賢さ,"対抗意識○,好位追走,抜け出し準備,前途洋々,テンポアップ,ギアシフト,スタミナキープ,まき直し,2021.02.24"
SR,ナイスネイチャ,…ただの水滴ですって,根性,"小倉レース場○,コーナー加速○,隠れ蓑,臨機応変,差しためらい,ささやき,小休憩,鋭い眼光,ペースアップ,別腹タンク,2021.02.24"
SR,ナリタタイシン,波立つキモチ,スピード,"隠れ蓑,ウマ込み冷静,後方待機,仕掛け抜群,追込コーナー○,まなざし,一匹狼,追い上げ,お見通し,2021.02.24"
SR,ヒシアマゾン,テッペンに立て！,パワー,"スタミナキープ,直線一気,追込直線○,先行のコツ○,追込のコツ○,追込ためらい,仕掛け抜群,2021.02.24"
SR,ビワハヤヒデ,検証、開始,パワー,"阪神レース場○,道悪○,曇りの日○,外枠得意○,追込駆け引き,内弁慶,追い上げ,2021.02.24"
SR,フジキセキ,やれやれ、お帰り,賢さ,"夏ウマ娘○,曇りの日○,トリック,マイルコーナー○,負けん気,抜け出し準備,追込焦り,2021.02.24"
SR,マーベラスサンデー,マーベラス☆大作戦,賢さ,"直線巧者,ペースアップ,逃げためらい,先行ためらい,尻尾上がり,阪神レース場○,2021.02.24"
SR,マチカネフクキタル,運の行方,賢さ,"函館レース場○,ウマ込み冷静,トリック,差しコーナー○,小休憩,ラッキーセブン,スリーセブン,右回り○,2021.02.24"
SR,マヤノトップガン,カワイイ＋カワイイは〜？,スタミナ,"非根幹距離○,コーナー巧者○,直線巧者,直線回復,垂れウマ回避,臨機応変,集中力,2021.02.24"
SR,マンハッタンカフェ,雨の独奏、私の独創,スタミナ,"道悪○,雨の日○,長距離直線○,パス上手,スタミナイーター,登山家,非根幹距離○,読解力,2021.02.24"
SR,ミホノブルボン,鍛えぬくトモ,パワー,"雪の日○,先駆け,逃げ直線○,逃げコーナー○,集中力,コーナー回復○,2021.02.24"
SR,メイショウドトウ,幸せと背中合わせ,根性,"非根幹距離○,良バ場○,内枠得意○,伏兵○,ホークアイ,差し直線○,ふり絞り,先行コーナー○,抜け出し準備,2021.02.24"
SR,メジロドーベル,目線は気にせず,賢さ,"京都レース場○,晴れの日○,テンポアップ,食い下がり,差しのコツ○,負けん気,差し切り体勢,2021.02.24"
SR,メジロライアン,鍛えて、応えて！,パワー,"道悪○,雨の日○,テンポアップ,中距離直線○,ペースキープ,垂れウマ回避,2021.02.24"
SR,ユキノビジン,シチーガール入門＃,根性,"中山レース場○,冬ウマ娘○,食い下がり,中距離コーナー○,コーナー加速○,2021.02.24"
SR,桐生院葵,共に同じ道を！,友人,"なし,おひとり様○,追込ためらい,ふり絞り,逃げけん制,2021.02.24"
SR,スイープトウショウ,見習い魔女と長い夜,スピード,"ポジションセンス,トリック,ささやき,お見通し,下校の楽しみ,スリップストリーム,ラッキーセブン,おひとり様○,冷静,一匹狼,2021.03.02"
SR,ダイタクヘリオス,パリピ・ぱーりないと！,パワー,"ペースアップ,スタミナキープ,マイルコーナー○,ギアシフト,スピードイーター,シンパシー,スリップストリーム,伏兵○,直滑降,展開窺い,2021.03.09"
SR,イクノディクタス,準備運動は怠るべからず,賢さ,"隠れ蓑,ウマ込み冷静,ホークアイ,読解力,鋭い眼光,トリック,逃げ駆け引き,追込駆け引き,2021.03.18"
SR,ナイスネイチャ,むじゃむじゃむじゃき,賢さ,"小倉レース場○,コーナー加速○,隠れ蓑,臨機応変,差しためらい,ささやき,小休憩,鋭い眼光,ペースアップ,伏兵○,2021.03.30"
SR,ニシノフラワー,あなたにささげる,パワー,"阪神レース場○,根幹距離○,良バ場○,上昇気流,先行コーナー○,直線巧者,直線加速,2021.04.15"
SR,ゼンノロブロイ,おすすめ本、あります！,スタミナ,"直線巧者,ポジションセンス,垂れウマ回避,臨機応変,巧みなステップ,読解力,先行のコツ○,差しのコツ○,中距離直線○,鋭い眼光,2021.04.26"
SR,シーキングザパール,世界の真珠、その名は,根性,"良バ場○,ペースキープ,スプリントギア,展開窺い,短距離直線○,負けん気,ウマ好み,ラッキーセブン,ギアシフト,2021.05.17"
SR,シンコウウインディ,／／／WARNING GATE／／／,スピード,"［／／／WARNING,GATE／／／］シンコウウインディ,道悪○,対抗意識○,抜け出し準備,逃げためらい,負けん気,ギアシフト,2021.06.21"
SR,メジロアルダン,その心に吹きすさぶ,賢さ,"左回り○,好位追走,軽やかステップ,先行コーナー○,先行のコツ○,先行ためらい,2021.07.12"
SR,トーセンジョーダン,nail on Turf,スタミナ,"［nail,on,Turf］トーセンジョーダン,伏兵○,スタミナキープ,位置取り押し上げ,中距離直線○,中距離コーナー○,先行直線○,ラッキーセブン,ペースアップ,2021.08.20"
SR,ファインモーション,GRMAラーメン♪,パワー,"右回り○,秋ウマ娘○,外枠得意○,直線加速,垂れウマ回避,コーナー巧者○,食い下がり,2021.09.20"
SR,シリウスシンボリ,一等星は揺らがない,根性,"道悪○,抜け出し準備,中距離コーナー○,一匹狼,かく乱,巧みなステップ,2021.10.20"
SR,ウオッカ,うるさい監視役,スピード,"東京レース場○,直線巧者,直線加速,直線回復,末脚,差し切り体勢,上昇気流,マイル直線○,中距離直線○,垂れウマ回避,マイルコーナー○,2021.11.19"
SR,イナリワン,泥濘一笑、真っつぐに,パワー,"春ウマ娘○,冬ウマ娘○,徹底マーク○,ペースアップ,鋭い眼光,尻尾上がり,前列狙い,砂塵慣れ,京都レース場○,大井レース場○,2021.12.14"
SR,タマモクロス,これがウチらのいか焼きや！,根性,"前途洋々,差し駆け引き,差し焦り,中距離コーナー○,イナズマステップ,軽やかステップ,十万バリキ,ウマ込み冷静,先行コーナー○,差しコーナー○,2022.01.11"
SR,アイネスフウジン,頑張るキミに！,賢さ,"食い下がり,スピードイーター,勢い任せ,スリップストリーム,遊びはおしまいっ！,急ぎ足,中距離直線○,シンパシー,根幹距離○,押し切り準備,2022.02.08"
SR,スペシャルウィーク,1日の終わりに,パワー,"道悪○,末脚,スタミナキープ,食い下がり,先行直線○,栄養補給,まき直し,別腹タンク,真っ向勝負,2022.02.24"
SR,メジロライアン,鼓動が速まるクールダウン,スタミナ,"差し切り体勢,テンポアップ,中距離直線○,ペースキープ,差し直線○,2022.02.24"
SR,アドマイヤベガ,一等星を目指して,根性,"仕掛け抜群,束縛,追込直線○,冷静,策士,先行けん制,追込のコツ○,2022.02.24"
SR,サクラバクシンオー,響け！模範的あいさつ！,パワー,"スプリントギア,逃げ駆け引き,逃げ焦り,短距離直線○,短距離コーナー○,大きなリード,善後策,後方釘付,詰め寄り,尻尾上がり,2022.02.24"
SR,カレンチャン,ほっと♪きゅーとメモリー,スピード,"スプリントギア,差しためらい,短距離直線○,仕掛け準備,かく乱,後方釘付,巧みなステップ,短距離コーナー○,2022.03.07"
SR,スマートファルコン,ギリギリ！？UMADOL,根性,"道悪○,曇りの日○,大井レース場○,逃げ直線○,逃げのコツ○,レコメンド,前列狙い,押し切り準備,先頭プライド,2022.04.01"
SR,スイープトウショウ,おてんば魔女、修行中。,賢さ,"ポジションセンス,ささやき,追込コーナー○,お見通し,下校の楽しみ,追込のコツ○,スリップストリーム,トリック,追込けん制,追込直線○,2022.04.11"
SR,トウカイテイオー,Step! Smile! Wink!,スタミナ,"［Step!,Smile!,Wink!］トウカイテイオー,ポジションセンス,垂れウマ回避,臨機応変,イナズマステップ,軽やかステップ,巧みなステップ,先行直線○,中距離コーナー○,2022.05.10"
SR,オグリキャップ,好きなんだ、ご飯が,根性,"コーナー加速○,垂れウマ回避,末脚,アクセラレーション,負けん気,地固め,気合十分,恐れぬ心,中山レース場○,道悪○,2022.06.20"
SR,ゴールドシチー,金色を目指して,賢さ,"雨の日○,伏兵○,展開窺い,尻尾上がり,一匹狼,小休憩,直線回復,雪の日○,2022.07.11"
SR,エルコンドルパサー,泥まみれのコンパネーロ,スピード,"根幹距離○,抜け出し準備,テンポアップ,先行直線○,真っ向勝負,晴れの日○,先行コーナー○,2022.07.20"
SR,セイウンスカイ,ゆるっと、まにまに,賢さ,"先駆け,急ぎ足,先行ためらい,差し駆け引き,逃げのコツ○,地固め,リードキープ,差しためらい,二の矢,2022.08.19"
SR,ケイエスミラクル,The 3rd MIRACLE,根性,"［The,3rd,MIRACLE］ケイエスミラクル,上昇気流,短距離コーナー○,善後策,先行直線○,先行のコツ○,攻めの姿勢,軽い足取り,短距離直線○,2022.09.20"
SR,ツルマルツヨシ,『フレフレ、ツヨシ！』,根性,"伏兵○,テンポアップ,あやしげな作戦,闘争心,フルスロットル,がんばり屋,差し直線○,2022.10.19"
SR,ナリタトップロード,ストップ、委員長！,パワー,"右回り○,非根幹距離○,良バ場○,好位追走,抜け出し準備,テンポアップ,内枠得意○,2022.11.17"
SR,テイエムオペラオー,偉大なるフォトグラフィーア,スタミナ,"非根幹距離○,コーナー回復○,直線巧者,スタミナキープ,抜け出し準備,テンポアップ,長距離コーナー○,真っ向勝負,影打,好位追走,2022.12.20"
SR,アストンマーチャン,添付ファイル、温めますか？,スピード,"道悪○,先駆け,短距離直線○,抜け駆け禁止,危険回避,リスタート,地固め,軽い足取り,仕掛け準備,善後策,おひとり様○,後方釘付,しゃかりき,2023.01.20"
SR,ジャングルポケット,デッド・エンド【通せん坊】,スピード,"差しコーナー○,追込コーナー○,早仕掛け,ワンチャンス,恐れぬ心,キレる脚,切れ味,がむしゃら,前のめり,直線一気,2023.02.24"
SR,メジロドーベル,ふわり、さらり,根性,"右回り○,非根幹距離○,中距離コーナー○,イナズマステップ,束縛,ワンチャンス,負けん気,京都レース場○,2023.02.24"
SR,シンボリルドルフ,放課後、君が笑った,スタミナ,"逃げけん制,先行けん制,差しけん制,追込けん制,長距離直線○,長距離コーナー○,影打,がむしゃら,雨の日○,コーナー回復○,右回り○,2023.02.24"
SR,アグネスタキオン,嗚呼素晴らしき甘味哉,パワー,"右回り○,中山レース場○,テンポアップ,中距離直線○,束縛,先行のコツ○,真っ向勝負,あやしげな作戦,攻めの姿勢,差しのコツ○,2023.02.24"
SR,ヒシアケボノ,甘～い浮き輪を召し上がれ,パワー,"晴れの日○,コーナー加速○,スプリントギア,短距離コーナー○,善後策,仕掛け準備,向上心,短距離直線○,2023.03.20"
SR,ゴールドシップ,ゴルシ印のスペシャリテ,スタミナ,"後方待機,直線一気,内弁慶,逃げ駆け引き,先行駆け引き,差し駆け引き,追込駆け引き,パス上手,追い上げ,スタミナイーター,目くらまし,追込直線○,追込コーナー○,お見通し,下校の楽しみ,策士,まなざし,追込のコツ○,ウマ好み,シンパシー,早仕掛け,あやしげな作戦,打開策,切れ味,阪神レース場○,2023.04.19"
SR,マルゼンスキー,激マブ！ドライブ♪,賢さ,"中山レース場○,先駆け,押し切り準備,積極策,アクセラレーション,スピードイーター,しとやかな足取り,負けん気,危険回避,マイルコーナー○,2023.05.19"
SR,サイレンススズカ,夕立の向こうからのぞく,スピード,"左回り○,良バ場○,晴れの日○,急ぎ足,逃げ直線○,リスタート,ふり絞り,向こう見ず,先頭プライド,逃げコーナー○,2023.06.09"
SR,コパノリッキー,ラッキーの神様は早起き！,根性,"大井レース場○,先行のコツ○,レコメンド,前列狙い,船橋レース場○,盛岡レース場○,交流重賞○,砂浴び○,明るい兆し,小回り○,泥遊び○,踏み込み上手,2023.06.19"
SR,グラスワンダー,よい茶の飲み置き,パワー,"位置取り押し上げ,外差し準備,マイルコーナー○,負けん気,十万バリキ,鋭い眼光,先行駆け引き,徹底マーク○,先行焦り,差し切り体勢,2023.07.21"
SR,キタサンブラック,お助け大将と小さな魔女,スタミナ,"コーナー巧者○,コーナー回復○,直線回復,別腹タンク,リードキープ,逃げ直線○,粘り腰,長距離コーナー○,2023.08.31"
SR,タイキシャトル,あまえんぼNight,賢さ,"積極策,マイルコーナー○,ギアシフト,アクセラレーション,スピードイーター,抜け出し準備,心弾んで,2023.09.20"
SR,ナイスネイチャ,とびっきりの金メダル,スタミナ,"差し切り体勢,ささやき,がんばり屋,小休憩,鋭い眼光,静かな呼吸,ペースアップ,末脚,2023.10.19"
SR,マチカネホンタイザ,あくもー退散！？,スピード,"［あくもー退散！？］マチカネタンホイザ,ウマ込み冷静,位置取り押し上げ,追い上げ,スタミナイーター,差し直線○,静かな呼吸,逃げけん制,一歩から,2023.11.09"
SR,ヴィルシーナ,長姉は大変？,根性,"東京レース場○,根幹距離○,ポジションセンス,急ぎ足,二の矢,積極策,向こう見ず,2023.11.20"
SR,ロイスアンドロイス,『最強』は作れる！,不明,2023.12.20
SR,タニノギムレット,ギャランホルンを磨き上げよ,不明,"［ギャラルホルンを磨き上げよ］タニノギムレット,2024.01.19"
SR,トーセンジョーダン,Time flies,スピード,"［Time,flies］トーセンジョーダン,伏兵○,臨機応変,抜け出し準備,テンポアップ,中距離直線○,自信家,中盤巧者,ラッキーセブン,食らいつき,2024.02.24"
SR,ヤエノムテキ,護るべきは無垢の瞳,スタミナ,"ペースキープ,末脚,好位追走,食い下がり,中距離コーナー○,闘争心,向上心,勝利に向かって,2024.02.24"
SR,タップダンスシチー,Cheers!,根性,"東京レース場○,直線加速,前途洋々,テンポアップ,危険回避,気迫を込めて,自信家,中盤巧者,先頭プライド,粘り腰,2024.03.21"
SR,エアシャカール,道端フィードバック,パワー,"直線加速,仕掛け抜群,追込直線○,冷静,打開策,鬼気迫って,ペースキープ,たぎる血潮,2024.04.09"
SR,ダンツフレーム,ぬりぬりシェイプアップ！,賢さ,"ペースアップ,中距離直線○,イナズマステップ,ウマ好み,ありったけ,闘争心,食らいつき,中盤巧者,確かな足取り,2024.05.10"
SR,マチカネフクキタル,お守りパワーで福徳円満！,パワー,"スピード,追い上げ,スタミナイーター,ラッキーセブン,スリーセブン,マイペース,中盤巧者,非根幹距離○,2024.07.09"
SR,メジロパーマー,救いはあるよっ♪,スタミナ,"コーナー巧者○,深呼吸,別腹タンク,リードキープ,勢い任せ,影打,脇目も振らず,中盤巧者,道悪○,バイブス上昇,2024.08.14"
SR,マーベラスサンデー,みんなにグッドマーベラス☆,根性,"右回り○,直線加速,ペースアップ,好位追走,テンポアップ,巧みなステップ,ワンチャンス,阪神レース場○,先行直線○,2024.08.24"
SR,サクラローレル,君の花衣,賢さ,"隠れ蓑,臨機応変,深呼吸,パス上手,スタミナイーター,がむしゃら,込み上げる熱,先行けん制,大急ぎ,2024.09.10"
SR,ノースフライト,お任せ！オートクチュール,パワー,"根幹距離○,ペースアップ,臨機応変,積極策,マイルコーナー○,アクセラレーション,向こう見ず,風切り,心弾んで,攻めの姿勢,2024.11.08"
SR,バブルガムフェロー,先陣スプラッシュ！,スピード,"ペースアップ,臨機応変,栄養補給,向上心,序盤巧者,飛躍の予感,真っ向勝負,決定打,2024.12.10"
SR,メジロラモーヌ,月下麗人,スタミナ,"ペースアップ,食い下がり,軽やかステップ,ありったけ,闘争心,しとやかな足取り,光差す方へ,中距離コーナー○,正面突破,2025.01.10"
SR,ラッキーライラック,喜びの咲く刻,賢さ,"非根幹距離○,コーナー加速○,食い下がり,中距離コーナー○,軽やかステップ,自信家,光差す方へ,克己心,アグレッシブ,2025.02.24"
SR,メジロマックイーン,メロンなささやき,根性,"ペースキープ,ウマ込み冷静,深呼吸,先行のコツ○,攻めの姿勢,勝利に向かって,決定打,熱狂的,先駆け,影打,2025.02.24"
SR,ライスシャワー,『しあわせの青いバラ』,スピード,"京都レース場○,深呼吸,栄養補給,登山家,折れない心,狙いを定めて,熱狂的,良バ場○,本領発揮,2025.03.11"
SR,デアリングハート,Daring Music,パワー,"［Daring,Music］デアリングハート,ペースアップ,臨機応変,抜け出し準備,積極策,ギアシフト,負けん気,シンパシー,風切り,アグレッシブ,後先恐れず,2025.04.10"
SR,カレンブーケドール,一輪ずつ、喜びを束ねて,スタミナ,"コーナー回復○,ペースアップ,好位追走,軽やかステップ,栄養補給,攻めの姿勢,勝利に向かって,飛躍の予感,光差す方へ,さらなる高みへ,テンポアップ,2025.05.12"
SR,カワカミプリンセス,私たちのプリンセス流儀,根性,2025.07.11
SR,ビコーペガサス,ニャンともイカすヒーローさ,賢さ,2025.09.09
SR,サクラチトセオー,静寂を煎じ,スピード,2025.10.10
SR,ホッコータルマエ,続け故郷へ、けっぱり道！,パワー,2025.11.10
SR,メジロドーベル,ぬくもりフォー・ユー,スピード,2025.12.11
R,アイネスフウジン,トレセン学園,根性,"食い下がり,スピードイーター,勢い任せ,スリップストリーム,遊びはおしまいっ！,急ぎ足,2021.02.24"
R,アグネスタキオン,トレセン学園,賢さ,"テンポアップ,中距離直線○,中距離コーナー○,束縛,差しのコツ○,2021.02.24"
R,アグネスデジタル,トレセン学園,パワー,"隠れ蓑,ウマ込み冷静,マイル直線○,布石,中距離直線○,差し直線○,雨の日○,道悪○,2021.02.24"
R,ウイニングチケット,トレセン学園,根性,"良バ場○,曇りの日○,位置取り押し上げ,差し切り体勢,外差し準備,差しコーナー○,2021.02.24"
R,ウオッカ,トレセン学園,パワー,"東京レース場○,直線巧者,直線加速,直線回復,末脚,差し切り体勢,上昇気流,マイル直線○,中距離直線○,垂れウマ回避,2021.02.24"
R,エアグルーヴ,トレセン学園,根性,"ペースキープ,テンポアップ,追込焦り,追込ためらい,中距離直線○,地固め,臨機応変,2021.02.24"
R,エアシャカール,トレセン学園,賢さ,"追い上げ,冷静,策士,ペースアップ,2021.02.24"
R,エイシンフラッシュ,トレセン学園,スピード,"根幹距離○,直線加速,差し直線○,差しコーナー○,がんばり屋,徹底マーク○,2021.02.24"
R,エルコンドルパサー,トレセン学園,パワー,"根幹距離○,晴れの日○,抜け出し準備,テンポアップ,中距離直線○,ホークアイ,先行直線○,2021.02.24"
R,オグリキャップ,トレセン学園,パワー,"曇りの日○,コーナー巧者○,コーナー加速○,集中力,垂れウマ回避,末脚,テンポアップ,アクセラレーション,栄養補給,地固め,中山レース場○,2021.02.24"
R,キングヘイロー,トレセン学園,スピード,"良バ場○,曇りの日○,外枠得意○,コーナー回復○,様子見,詰め寄り,末脚,2021.02.24"
R,グラスワンダー,トレセン学園,根性,"中山レース場○,対抗意識○,末脚,位置取り押し上げ,差し切り体勢,上昇気流,先行焦り,束縛,先行駆け引き,徹底マーク○,2021.02.24"
R,ゴールドシチー,トレセン学園,スピード,"札幌レース場○,展開窺い,アクセラレーション,小休憩,2021.02.24"
R,ゴールドシップ,トレセン学園,スタミナ,"後方待機,直線一気,内弁慶,追い上げ,目くらまし,お見通し,下校の楽しみ,策士,まなざし,追込のコツ○,登山家,ウマ好み,地固め,シンパシー,阪神レース場○,2021.02.24"
R,サイレンススズカ,トレセン学園,スピード,"集中力,先駆け,急ぎ足,押し切り準備,前途洋々,逃げ直線○,逃げコーナー○,逃げのコツ○,先頭プライド,左回り○,2021.02.24"
R,サクラバクシンオー,トレセン学園,スピード,"スプリントギア,逃げ駆け引き,逃げ焦り,短距離直線○,短距離コーナー○,大きなリード,善後策,後方釘付,詰め寄り,2021.02.24"
R,シンボリルドルフ,トレセン学園,賢さ,"好位追走,逃げけん制,先行けん制,差しけん制,追込けん制,束縛,先行のコツ○,地固め,雨の日○,2021.02.24"
R,スーパークリーク,トレセン学園,スタミナ,"良バ場○,コーナー回復○,ペースアップ,末脚,先行ためらい,深呼吸,2021.02.24"
R,スペシャルウィーク,トレセン学園,根性,"道悪○,雨の日○,末脚,外差し準備,食い下がり,栄養補給,差しのコツ○,別腹タンク,2021.02.24"
R,スマートファルコン,トレセン学園,パワー,"道悪○,曇りの日○,外枠得意○,コーナー回復○,大井レース場○,二の矢,リスタート,逃げのコツ○,押し切り準備,2021.02.24"
R,セイウンスカイ,トレセン学園,スタミナ,"内枠得意○,伏兵○,トリック,差し駆け引き,先行ためらい,尻尾上がり,リードキープ,2021.02.24"
R,タイキシャトル,トレセン学園,スピード,"好位追走,抜け出し準備,積極策,上昇気流,マイル直線○,ギアシフト,2021.02.24"
R,ダイワスカーレット,トレセン学園,賢さ,"対抗意識○,好位追走,抜け出し準備,前途洋々,テンポアップ,ギアシフト,スタミナキープ,2021.02.24"
R,タマモクロス,トレセン学園,スタミナ,"前途洋々,差し駆け引き,差し焦り,中距離コーナー○,イナズマステップ,軽やかステップ,十万バリキ,ウマ込み冷静,2021.02.24"
R,テイエムオペラオー,トレセン学園,スタミナ,"スタミナキープ,テンポアップ,長距離コーナー○,先行直線○,まき直し,差し直線○,読解力,非根幹距離○,2021.02.24"
R,トウカイテイオー,トレセン学園,スピード,"ポジションセンス,垂れウマ回避,臨機応変,イナズマステップ,軽やかステップ,巧みなステップ,先行直線○,2021.02.24"
R,ナイスネイチャ,トレセン学園,根性,"小倉レース場○,コーナー加速○,隠れ蓑,臨機応変,差しためらい,ささやき,小休憩,鋭い眼光,ペースアップ,2021.02.24"
R,ナリタタイシン,トレセン学園,スピード,"隠れ蓑,ウマ込み冷静,後方待機,仕掛け抜群,追込コーナー○,まなざし,一匹狼,追い上げ,2021.02.24"
R,ニシノフラワー,トレセン学園,スピード,"阪神レース場○,根幹距離○,良バ場○,上昇気流,先行コーナー○,なし,2021.02.24"
R,ハルウララ,トレセン学園,根性,"なし,伏兵○,2021.02.24"
R,ビコーペガサス,トレセン学園,スピード,"外枠得意○,様子見,詰め寄り,積極策,上昇気流,仕掛け準備,抜け駆け禁止,短距離直線○,2021.02.24"
R,ヒシアマゾン,トレセン学園,パワー,"スタミナキープ,直線一気,追込直線○,先行のコツ○,追込のコツ○,追込ためらい,2021.02.24"
R,ビワハヤヒデ,トレセン学園,パワー,"阪神レース場○,道悪○,曇りの日○,外枠得意○,追込駆け引き,内弁慶,2021.02.24"
R,ファインモーション,トレセン学園,賢さ,"右回り○,秋ウマ娘○,外枠得意○,直線加速,垂れウマ回避,コーナー巧者○,2021.02.24"
R,フジキセキ,トレセン学園,賢さ,"夏ウマ娘○,曇りの日○,トリック,マイルコーナー○,負けん気,抜け出し準備,2021.02.24"
R,マーベラスサンデー,トレセン学園,賢さ,"直線巧者,ペースアップ,逃げためらい,先行ためらい,尻尾上がり,阪神レース場○,2021.02.24"
R,マチカネフクキタル,トレセン学園,賢さ,"函館レース場○,ウマ込み冷静,トリック,差しコーナー○,小休憩,ラッキーセブン,スリーセブン,なし,2021.02.24"
R,マヤノトップガン,トレセン学園,スタミナ,"非根幹距離○,コーナー巧者○,直線巧者,直線回復,垂れウマ回避,臨機応変,2021.02.24"
R,マルゼンスキー,トレセン学園,スピード,"先駆け,積極策,マイルコーナー○,ギアシフト,アクセラレーション,2021.02.24"
R,マンハッタンカフェ,トレセン学園,スタミナ,"道悪○,雨の日○,長距離直線○,パス上手,スタミナイーター,登山家,非根幹距離○,2021.02.24"
R,ミホノブルボン,トレセン学園,パワー,"雪の日○,先駆け,逃げ直線○,逃げコーナー○,集中力,2021.02.24"
R,メイショウドトウ,トレセン学園,根性,"非根幹距離○,良バ場○,内枠得意○,伏兵○,ホークアイ,差し直線○,ふり絞り,先行コーナー○,2021.02.24"
R,メジロドーベル,トレセン学園,賢さ,"京都レース場○,晴れの日○,テンポアップ,食い下がり,差しのコツ○,負けん気,2021.02.24"
R,メジロマックイーン,トレセン学園,スタミナ,"京都レース場○,春ウマ娘○,スタミナキープ,深呼吸,長距離コーナー○,リードキープ,栄養補給,かく乱,先駆け,2021.02.24"
R,メジロライアン,トレセン学園,パワー,"道悪○,雨の日○,テンポアップ,中距離直線○,ペースキープ,2021.02.24"
R,ユキノビジン,トレセン学園,根性,"中山レース場○,冬ウマ娘○,食い下がり,中距離コーナー○,コーナー加速○,2021.02.24"
R,ライスシャワー,トレセン学園,スタミナ,"京都レース場○,おひとり様○,深呼吸,先行駆け引き,先行けん制,先行焦り,直滑降,かく乱,登山家,良バ場○,2021.02.24"
R,桐生院葵,トレセン学園,友人,"なし,おひとり様○,追込ためらい,ふり絞り,2021.02.24"
R,駿川たづな,トレセン学園,友人,"なし,展開窺い,尻尾上がり,2021.02.24"
R,スイープトウショウ,トレセン学園,スピード,"ポジションセンス,トリック,ささやき,お見通し,下校の楽しみ,スリップストリーム,なし,2021.03.02"
R,ツインターボ,トレセン学園,スピード,"対抗意識○,徹底マーク○,先駆け,急ぎ足,先頭プライド,勢い任せ,2021.03.09"
R,ダイタクヘリオス,トレセン学園,パワー,"ペースアップ,スタミナキープ,マイルコーナー○,ギアシフト,スピードイーター,シンパシー,スリップストリーム,伏兵○,2021.03.09"
R,メジロパーマー,トレセン学園,根性,"中山レース場○,阪神レース場○,先駆け,急ぎ足,先行焦り,勢い任せ,シンパシー,道悪○,2021.03.18"
R,イクノディクタス,トレセン学園,賢さ,"隠れ蓑,ウマ込み冷静,ホークアイ,読解力,鋭い眼光,トリック,2021.03.18"
R,キタサンブラック,トレセン学園,スピード,"コーナー巧者○,コーナー回復○,直線回復,集中力,別腹タンク,長距離コーナー○,逃げ直線○,危険回避,なし,2021.03.30"
R,サトノダイヤモンド,トレセン学園,スタミナ,"良バ場○,晴れの日○,逃げ焦り,中距離コーナー○,束縛,小休憩,読解力,逃げためらい,2021.03.30"
R,マチカネタンホイザ,トレセン学園,根性,"隠れ蓑,ペースキープ,食い下がり,深呼吸,がんばり屋,逃げけん制,2021.03.30"
R,ヤエノムテキ,トレセン学園,パワー,"ペースアップ,末脚,抜け出し準備,テンポアップ,尻尾上がり,中距離コーナー○,2021.04.26"
R,ゼンノロブロイ,トレセン学園,スタミナ,"直線巧者,ポジションセンス,垂れウマ回避,臨機応変,巧みなステップ,読解力,先行のコツ○,差しのコツ○,中距離直線○,2021.04.26"
R,サクラチヨノオー,トレセン学園,スタミナ,"食い下がり,ギアシフト,中距離コーナー○,先行のコツ○,春ウマ娘○,2021.05.17"
R,シーキングザパール,トレセン学園,根性,"良バ場○,ペースキープ,スプリントギア,展開窺い,短距離直線○,負けん気,ウマ好み,2021.05.17"
R,カワカミプリンセス,トレセン学園,スピード,"根幹距離○,好位追走,軽やかステップ,まき直し,食い下がり,2021.05.28"
R,ヒシアケボノ,トレセン学園,根性,"晴れの日○,押し切り準備,短距離コーナー○,善後策,仕掛け準備,栄養補給,スプリントギア,2021.05.28"
R,バンブーメモリー,トレセン学園,パワー,"徹底マーク○,直線巧者,詰め寄り,マイル直線○,アクセラレーション,差し直線○,根幹距離○,2021.06.21"
R,シンコウウインディ,トレセン学園,スピード,"道悪○,対抗意識○,抜け出し準備,逃げためらい,負けん気,2021.06.21"
R,メジロアルダン,トレセン学園,賢さ,"左回り○,好位追走,軽やかステップ,先行コーナー○,先行のコツ○,先行ためらい,2021.07.12"
R,ナリタブライアン,トレセン学園,スピード,"右回り○,栄養補給,好位追走,中距離直線○,中距離コーナー○,内弁慶,長距離直線○,外差し準備,一匹狼,2021.07.20"
R,トーセンジョーダン,トレセン学園,スタミナ,"伏兵○,スタミナキープ,位置取り押し上げ,中距離直線○,中距離コーナー○,先行直線○,ラッキーセブン,2021.08.20"
R,樫本理子,トレセン学園,友人,"なし,ペースアップ,おひとり様○,一匹狼,シンパシー,2021.08.30"
R,ナカヤマフェスタ,トレセン学園,スタミナ,"道悪○,伏兵○,差し切り体勢,外差し準備,食い下がり,差し直線○,鋭い眼光,ラッキーセブン,ありったけ,中山レース場○,阪神レース場○,2021.10.20"
R,シリウスシンボリ,トレセン学園,根性,"道悪○,抜け出し準備,中距離コーナー○,一匹狼,かく乱,2021.10.20"
R,カレンチャン,トレセン学園,賢さ,"スプリントギア,差しためらい,短距離直線○,仕掛け準備,かく乱,後方釘付,2021.10.28"
R,イナリワン,トレセン学園,パワー,"春ウマ娘○,冬ウマ娘○,徹底マーク○,ペースアップ,鋭い眼光,尻尾上がり,前列狙い,砂塵慣れ,京都レース場○,2021.12.14"
R,アドマイヤベガ,トレセン学園,パワー,"仕掛け抜群,束縛,追込直線○,冷静,策士,先行けん制,2021.12.31"
R,安心沢刺々美,笹針師,友人,"なし,引っ込み思案,コーナー回復×,空回り,あやしげな作戦,ウマ好み,2022.01.11"
R,メジロブライト,トレセン学園,スタミナ,"右回り○,別腹タンク,パス上手,追い上げ,スタミナイーター,深呼吸,2022.02.24"
R,ナリタトップロード,トレセン学園,スピード,"非根幹距離○,良バ場○,内枠得意○,好位追走,抜け出し準備,長距離直線○,ありったけ,テンポアップ,2022.02.24"
R,ミスターシービー,トレセン学園,賢さ,"雨の日○,コーナー加速○,末脚,直線一気,中距離コーナー○,策士,尻尾上がり,早仕掛け,コーナー回復○,まなざし,2022.05.10"
R,ツルマルツヨシ,トレセン学園,根性,"伏兵○,テンポアップ,あやしげな作戦,闘争心,フルスロットル,がんばり屋,2022.07.20"
R,ライトハロー,イベントプロデューサー,友人,"なし,おひとり様○,逃げのコツ○,先行のコツ○,遊びはおしまいっ！,2022.08.24"
R,ダイイチルビー,トレセン学園,パワー,"差し切り体勢,詰め寄り,逃げけん制,逃げ焦り,逃げためらい,抜け駆け禁止,布石,束縛,差し直線○,一匹狼,恐れぬ心,2022.09.20"
R,ケイエスミラクル,トレセン学園,根性,"上昇気流,短距離コーナー○,善後策,先行直線○,先行のコツ○,攻めの姿勢,軽い足取り,2022.09.20"
R,シンボリクリスエス,トレセン学園,スタミナ,"コーナー回復○,差し切り体勢,長距離直線○,パス上手,差しコーナー○,十万バリキ,恐れぬ心,がむしゃら,曇りの日○,2022.10.19"
R,タニノギムレット,トレセン学園,パワー,"良バ場○,直線一気,上昇気流,ホークアイ,ワンチャンス,前のめり,追込のコツ○,2022.10.19"
R,サクラローレル,トレセン学園,スタミナ,"春ウマ娘○,冬ウマ娘○,晴れの日○,深呼吸,長距離コーナー○,スタミナイーター,小休憩,マイペース,がむしゃら,先行けん制,2022.11.28"
R,ヤマニンゼファー,トレセン学園,根性,"秋ウマ娘○,伏兵○,コーナー加速○,マイルコーナー○,ギアシフト,負けん気,中距離コーナー○,先行のコツ○,向上心,2022.12.20"
R,アストンマーチャン,トレセン学園,スピード,"道悪○,先駆け,短距離直線○,抜け駆け禁止,危険回避,リスタート,地固め,軽い足取り,2023.01.20"
R,カツラギエース,トレセン学園,スピード,"東京レース場○,急ぎ足,食い下がり,中距離直線○,逃げコーナー○,先頭プライド,向上心,確かな足取り,粘り腰,地固め,2023.02.24"
R,メジロラモーヌ,トレセン学園,賢さ,"直線巧者,集中力,マイル直線○,マイルコーナー○,ギアシフト,中距離直線○,ありったけ,確かな足取り,しとやかな足取り,中距離コーナー○,2023.02.24"
R,ジャングルポケット,トレセン学園,スピード,"差しコーナー○,追込コーナー○,早仕掛け,ワンチャンス,恐れぬ心,キレる脚,切れ味,がむしゃら,2023.02.24"
R,コパノリッキー,トレセン学園,根性,"大井レース場○,先行のコツ○,レコメンド,前列狙い,船橋レース場○,盛岡レース場○,交流重賞○,砂浴び○,明るい兆し,2023.06.19"
R,ワンダーアキュート,トレセン学園,パワー,"負けん気,レコメンド,前列狙い,船橋レース場○,ナイター○,まっしぐら,砂浴び○,泥遊び○,圧迫感,踏み込み上手,2023.07.21"
R,佐岳メイ,URA職員,友人,"なし,一匹狼,直線巧者,折れない心,2023.08.24"
R,タップダンスシチー,トレセン学園,根性,"内枠得意○,先駆け,急ぎ足,押し切り準備,逃げコーナー○,先頭プライド,勢い任せ,2023.09.29"
R,サウンズオブアース,トレセン学園,スタミナ,"直線回復,垂れウマ回避,末脚,スリップストリーム,遊びはおしまいっ！,中盤巧者,序盤巧者,ロックオン,2023.11.20"
R,ヴィルシーナ,トレセン学園,根性,"東京レース場○,根幹距離○,ポジションセンス,急ぎ足,二の矢,積極策,2023.11.20"
R,ヴィブロス,トレセン学園,不明,2023.12.20
R,ロイスアンドロイス,トレセン学園,不明,2023.12.20
R,ドゥラメンテ,トレセン学園,不明,2023.12.28
R,ホッコータルマエ,トレセン学園,不明,2024.01.19
R,ノースフライト,トレセン学園,不明,2024.01.31
R,オルフェーヴル,トレセン学園,根性,"コーナー巧者○,垂れウマ回避,尻尾上がり,遊びはおしまいっ！,快速,込み上げる熱,渾身の足取り,型破り,2024.02.24"
R,ジェンティルドンナ,トレセン学園,スピード,"良バ場○,直線巧者,末脚,スタミナキープ,がんばり屋,ウマ好み,しとやかな足取り,下り坂巧者,2024.02.24"
R,都留岐涼花,プロデューサー,不明,2024.02.24
R,シュヴァルグラン,トレセン学園,スタミナ,"スタミナキープ,抜け出し準備,内弁慶,長距離直線○,長距離コーナー○,先行直線○,攻めの姿勢,本領発揮,勝利に向かって,2024.03.21"
R,ラインクラフト,トレセン学園,根性,"阪神レース場○,抜け出し準備,積極策,マイル直線○,アクセラレーション,負けん気,スピードイーター,マイルコーナー○,2024.03.21"
R,ネオユニヴァース,トレセン学園,賢さ,"根幹距離○,中距離コーナー○,ウマ好み,ありったけ,前のめり,自制心,型破り,イグニッション,進出開始,2024.04.09"
R,ヒシミラクル,トレセン学園,スタミナ,"差し切り体勢,深呼吸,スタミナイーター,小休憩,ロックオン,大急ぎ,進出開始,マイペース,2024.04.30"
R,ノーリーズン,トレセン学園,根性,"伏兵○,直線加速,がんばり屋,小休憩,闘争心,食らいつき,自信家,ありったけ,2024.04.30"
R,ダンツフレーム,トレセン学園,賢さ,"ペースアップ,中距離直線○,イナズマステップ,ウマ好み,ありったけ,闘争心,食らいつき,中盤巧者,2024.05.10"
R,秋川理事長,トレセン学園,友人,"なし,直線巧者,中盤巧者,ウマ好み,2024.06.26"
R,スティルインラブ,トレセン学園,スピード,"コーナー巧者○,直線巧者,垂れウマ回避,中距離コーナー○,尻尾上がり,遊びはおしまいっ！,品行方正,滾る想い,しとやかな足取り,2024.08.24"
R,ブエナビスタ,トレセン学園,根性,"コーナー加速○,直線加速,ペースアップ,上昇気流,負けん気,気合十分,自信家,溢れる情熱,2024.08.24"
R,エスポワールシチー,トレセン学園,パワー,"負けん気,遊びはおしまいっ！,交流重賞○,明るい兆し,砂浴び○,踏み込み上手,パイオニア,ダートコーナー○,裏腹なキモチ,砂払い,2024.09.10"
R,シーザリオ,トレセン学園,賢さ,"根幹距離○,ペースアップ,末脚,ありったけ,闘争心,食らいつき,会心の一歩,2024.09.20"
R,ブラストワンピース,トレセン学園,根性,"コーナー巧者○,スタミナキープ,先行直線○,ウマ好み,攻めの姿勢,狙いを定めて,決定打,地道に重ねて,己を信じて,長距離直線○,2024.12.10"
R,バブルガムフェロー,トレセン学園,スピード,"ペースアップ,臨機応変,栄養補給,向上心,序盤巧者,飛躍の予感,真っ向勝負,2024.12.10"
R,アーモンドアイ,トレセン学園,スピード,"コーナー巧者○,直線巧者,垂れウマ回避,ウマ好み,尻尾上がり,探究心,飛躍の予感,さらなる高みへ,躍動,憧れを超えて,品行方正,2025.02.24"
R,ラッキーライラック,トレセン学園,賢さ,"非根幹距離○,コーナー加速○,食い下がり,中距離コーナー○,軽やかステップ,自信家,光差す方へ,克己心,2025.02.24"
R,グランアレグリア,トレセン学園,パワー,"根幹距離○,上昇気流,気合十分,快速,自信家,胸の高鳴り,一歩ずつ前へ,マイル直線○,2025.02.24"
R,ドリームジャーニー,トレセン学園,スピード,"右回り○,垂れウマ回避,仕掛け抜群,追込コーナー○,早仕掛け,たぎる血潮,推力十分,惜しみなし,影踏み,捕捉,2025.03.31"
R,デアリングタクト,トレセン学園,賢さ,"春ウマ娘○,位置取り押し上げ,差し直線○,十万バリキ,下り坂巧者,キレる脚,溢れる情熱,進出開始,駆け降り,押し通る！,一歩ずつ前へ,2025.04.10"
R,デアリングハート,トレセン学園,パワー,"ペースアップ,臨機応変,抜け出し準備,積極策,ギアシフト,負けん気,シンパシー,風切り,アグレッシブ,2025.04.10"
R,トランセンド,トレセン学園,根性,"地固め,遊びはおしまいっ！,レコメンド,前列狙い,踏み込み上手,パイオニア,ダート直線○,ダートコーナー○,裏腹なキモチ,砂蹴り,2025.04.30"
R,カレンブーケドール,トレセン学園,スタミナ,"コーナー回復○,ペースアップ,好位追走,軽やかステップ,栄養補給,攻めの姿勢,勝利に向かって,飛躍の予感,光差す方へ,さらなる高みへ,2025.05.12"
R,エアメサイア,トレセン学園,賢さ,"根幹距離○,臨機応変,位置取り押し上げ,がんばり屋,登山家,端緒,駆け降り,差し切り体勢,2025.05.30"
R,タッカーブライン,無人島PJ責任者,友人,2025.06.27
R,フサイチパンドラ,トレセン学園,スピード,2025.07.22
R,ウインバリアシオン,トレセン学園,賢さ,2025.07.31
R,ステイゴールド,トレセン学園,根性,2025.08.24
R,アドマイヤグルーヴ,トレセン学園,スピード,2025.08.24
R,クロノジェネシス,トレセン学園,賢さ,2025.08.24
R,カルストンライトオ,トレセン学園,スピード,2025.08.29
R,デュランダル,トレセン学園,賢さ,2025.08.29
R,サクラチトセオー,トレセン学園,スピード,2025.10.10
R,保科健子,ゆこま旅館女将,友人,2025.10.29
R,フェノーメノ,トレセン学園,スタミナ,2025.11.28
